ID moveset;Mossa;Tipo / effetto;Intensità (colore);Arkamon;VFX specifico;Valutazione;Posizione;Zoom;ID gioco;Note;ID asset
1;Soffio;Normale;Leggera;Vyrath #1;Thrust;Proposta;Bersaglio;1;1;"Proposta individuale basata su forma, colore e tema visivo; da verificare in anteprima.";thrust
2;Assalto;Normale;Media;Vyrath #2;;Da creare;;;2;"Da reperire un VFX distinto; l’eventuale effetto generico nel gioco non conta come assegnazione.";
3;Impatto verticale;Normale;Media;Vyrath #3;BasicEff.Img CaptainWings;Proposta;Bersaglio;1;3;"Proposta individuale basata su forma, colore e tema visivo; da verificare in anteprima.";generated:basiceff-img_captainwings-images_nested_sheet
4;Carica ossidrica;Normale;Forte;Vyrath #4;;Da creare;;;4;"Da reperire un VFX distinto; l’eventuale effetto generico nel gioco non conta come assegnazione.";
5;Voltaggio;Elettro;Leggera;Teslat #86;Energy;Proposta;Bersaglio;1;5;"Proposta individuale basata su forma, colore e tema visivo; da verificare in anteprima.";energyGif
6;Alta tensione;Elettro;Media;Teslat #87;Dmitry Sarkisov;Proposta;Centro;1;6;"Proposta individuale basata su forma, colore e tema visivo; da verificare in anteprima.";gif:dmitry-sarkisov
7;Stormo di fulmini;Elettro;Forte;Teslat #88;FieldGimmickEff.Img Thunder;Proposta;Centro;1;7;"Proposta individuale basata su forma, colore e tema visivo; da verificare in anteprima.";generated:fieldgimmickeff-img_thunder-images_nested_sheet
8;Nevischio;Acqua;Leggera;Blizzaquil #71;BasicEff.Img JobChangedMukhyunFront;Proposta;Bersaglio;1;8;"Proposta individuale basata su forma, colore e tema visivo; da verificare in anteprima.";generated:basiceff-img_jobchangedmukhyunfront-images_nested_sheet
9;Valanga;Acqua;Media;Blizzaquil #72;;Da creare;;;9;"Da reperire un VFX distinto; l’eventuale effetto generico nel gioco non conta come assegnazione.";
10;Tormenta glaciale;Acqua;Forte;Blizzaquil #73;;Da creare;;;10;"Da reperire un VFX distinto; l’eventuale effetto generico nel gioco non conta come assegnazione.";
11;Lapillo;Terra;Leggera;Clastoom #16;;Da creare;;;11;"Da reperire un VFX distinto; l’eventuale effetto generico nel gioco non conta come assegnazione.";
12;Roccia fusa;Terra;Media;Clastoom #17;;Da creare;;;12;"Da reperire un VFX distinto; l’eventuale effetto generico nel gioco non conta come assegnazione.";
13;Cratere;Terra;Forte;Clastoom #18;;Da creare;;;13;"Da reperire un VFX distinto; l’eventuale effetto generico nel gioco non conta come assegnazione.";
14;Conduttore;Elettro;Leggera;Ampereel #26;Kenney Spark;Proposta;Bersaglio;1;14;"Proposta individuale basata su forma, colore e tema visivo; da verificare in anteprima. Risorsa statica, non animazione GIF/sprite sheet.";kenneySpark
15;Circuito chiuso;Elettro;Media;Ampereel #27;;Da creare;;;15;"Da reperire un VFX distinto; l’eventuale effetto generico nel gioco non conta come assegnazione.";
16;Sprint;Normale;Leggera;Felvex #42;MobEff.Img APCDash 0;Proposta;Bersaglio;1;16;"Proposta individuale basata su forma, colore e tema visivo; da verificare in anteprima.";generated:mobeff-img_apcdash_0-images_nested_sheet
17;Scatto;Normale;Media;Felvex #43;BasicEff.Img HayatoJump;Proposta;Bersaglio;1;17;"Proposta individuale basata su forma, colore e tema visivo; da verificare in anteprima.";generated:basiceff-img_hayatojump-images_nested_sheet
18;Elettroscontro;Elettro;Leggera;Grimbolt #24;;Da creare;;;18;"Da reperire un VFX distinto; l’eventuale effetto generico nel gioco non conta come assegnazione.";
19;Elettrocarica;Elettro;Media;Grimbolt #25;;Da creare;;;19;"Da reperire un VFX distinto; l’eventuale effetto generico nel gioco non conta come assegnazione.";
20;Spruzzo;Acqua;Leggera;Deephion #56;OnUserEff.Img EventEffect WaterSmash1;Proposta;Bersaglio;1.5;20;"Proposta individuale basata su forma, colore e tema visivo; da verificare in anteprima.";generated:onusereff-img_eventeffect_watersmash1-images_nested_sheet
21;Alta marea;Acqua;Media;Deephion #57;;Da creare;;;21;"Da reperire un VFX distinto; l’eventuale effetto generico nel gioco non conta come assegnazione.";
22;Spavento;Psico;Leggera;Fearstraw #67;;Da creare;;;22;"Da reperire un VFX distinto; l’eventuale effetto generico nel gioco non conta come assegnazione.";
23;Terrore;Psico;Media;Fearstraw #68;F721c5ff45edd5fb0280c4926dbf75af;Proposta;Bersaglio;1;23;"Proposta individuale basata su forma, colore e tema visivo; da verificare in anteprima.";gif:f721c5ff45edd5fb0280c4926dbf75af
24;Paradosso;Psico;Media;Shrody #21;;Da creare;;;24;"Da reperire un VFX distinto; l’eventuale effetto generico nel gioco non conta come assegnazione.";
25;Ultimo sangue;Normale;Forte;Hoppiox #66;FieldGimmickEff.Img Tentacle;Proposta;Centro;1;25;"Proposta individuale basata su forma, colore e tema visivo; da verificare in anteprima.";generated:fieldgimmickeff-img_tentacle-images_nested_sheet
26;Arrembaggio;Acqua;Forte;Reliskull #82;Shark Kick Effect;Proposta;Bersaglio;1.25;26;"Proposta individuale basata su forma, colore e tema visivo; da verificare in anteprima.";gif:shark-kick-effect
27;Onda anomala;Acqua;Forte;Wailoom #61;Water Torrent;Proposta;Centro;1;27;"Proposta individuale basata su forma, colore e tema visivo; da verificare in anteprima.";waterTorrentGif
28;Zampata;Oscurità;Leggera;Darklaw #5;Kenney Slash;Proposta;Bersaglio;1;28;"Proposta individuale basata su forma, colore e tema visivo; da verificare in anteprima. Risorsa statica, non animazione GIF/sprite sheet.";kenneySlash
29;Colpo felpato;Oscurità;Media;Darklaw #6;EffectJP.Img Zipang TengouHit;Proposta;Bersaglio;1;29;"Proposta individuale basata su forma, colore e tema visivo; da verificare in anteprima.";generated:effectjp-img_zipang_tengouhit-images_nested_sheet
30;Artigli del terrore;Oscurità;Media;Darklaw #7;27c650209255d638948a6215ffea9c78;Calibrazione confermata;Bersaglio;1.25;30;"Calibrazione confermata dall’utente; assegnazione individuale secondo il colore del moveset.";gif:27c650209255d638948a6215ffea9c78
31;Abisso tenebroso;Oscurità;Forte;Darklaw #8;HighMountain.Img Effect Tynus Burst 0;Proposta;Bersaglio;1;31;"Proposta individuale basata su forma, colore e tema visivo; da verificare in anteprima.";generated:highmountain-img_effect_tynus_burst_0-images_nested_sheet
32;Alito incandescente;Fuoco;Leggera;Pyrodil #92;;Da creare;;;32;"Da reperire un VFX distinto; l’eventuale effetto generico nel gioco non conta come assegnazione.";
33;Sbuffo magmatico;Fuoco;Media;Pyrodil #93;;Da creare;;;33;"Da reperire un VFX distinto; l’eventuale effetto generico nel gioco non conta come assegnazione.";
34;Soffio lavico;Fuoco;Forte;Pyrodil #94;;Da creare;;;34;"Da reperire un VFX distinto; l’eventuale effetto generico nel gioco non conta come assegnazione.";
35;Mani brucianti;Fuoco;Leggera;Impise #74;PvPEff.Img Die PVPA12 Die;Proposta;Bersaglio;1;35;"Proposta individuale basata su forma, colore e tema visivo; da verificare in anteprima.";generated:pvpeff-img_die_pvpa12_die-images_nested_sheet
36;Palla di fuoco;Fuoco;Media;Impise #75;Fireball;Proposta;Bersaglio;1;36;"Proposta individuale basata su forma, colore e tema visivo; da verificare in anteprima.";fireballGif
37;Ardemonio;Fuoco;Forte;Impise #76;HighMountain.Img Effect Mitra Aura F 0;Proposta;Bersaglio;1.25;37;"Proposta individuale basata su forma, colore e tema visivo; da verificare in anteprima.";generated:highmountain-img_effect_mitra_aura_f_0-images_nested_sheet
38;Scossa;Elettro;Leggera;Chimzap #36;AnglerCompany.Img SubBoss ChargedCannon Blue Hit;Calibrazione confermata;Bersaglio;1.25;38;"Calibrazione confermata dall’utente; assegnazione individuale secondo il colore del moveset.";generated:anglercompany-img_subboss_chargedcannon_blue_hit-images_nested_sheet
39;Lampo;Elettro;Media;Chimzap #37;Direction.Img Effect Skill Spark 0;Calibrazione confermata;Bersaglio;1.5;39;"Calibrazione confermata dall’utente; assegnazione individuale secondo il colore del moveset.";generated:direction-img_effect_skill_spark_0-images_nested_sheet
40;Lotta tonante;Elettro;Forte;Chimzap #38;;Da creare;;;40;"Da reperire un VFX distinto; l’eventuale effetto generico nel gioco non conta come assegnazione.";
41;Fioritura;Erba;Leggera;Silvard #28;Shimmer;Proposta;Bersaglio;1;41;"Proposta individuale basata su forma, colore e tema visivo; da verificare in anteprima.";shimmer
42;Florilegio letale;Erba;Media;Silvard #29;;Da creare;;;42;"Da reperire un VFX distinto; l’eventuale effetto generico nel gioco non conta come assegnazione.";
43;Controllo mentale;Psico;Leggera;Psycroak #84;AnglerCompany.Img SubBoss RailCannon Hit;Proposta;Bersaglio;1;43;"Proposta individuale basata su forma, colore e tema visivo; da verificare in anteprima.";generated:anglercompany-img_subboss_railcannon_hit-images_nested_sheet
44;Collasso nervoso;Psico;Media;Psycroak #85;;Da creare;;;44;"Da reperire un VFX distinto; l’eventuale effetto generico nel gioco non conta come assegnazione.";
45;Urlo straziante;Oscurità;Leggera;Spectron #45;;Da creare;;;45;"Da reperire un VFX distinto; l’eventuale effetto generico nel gioco non conta come assegnazione.";
46;Materia oscura;Oscurità;Forte;Spectron #46;EliteMobEff.Img GrandisIndividualEliteBossEffect;Proposta;Bersaglio;1;46;"Proposta individuale basata su forma, colore e tema visivo; da verificare in anteprima.";generated:elitemobeff-img_grandisindividualelitebosseffect-images_nested_sheet
47;Spazzata;Oscurità;Leggera;Xesar #101;BasicEff.Img NAJump;Proposta;Bersaglio;1;47;"Proposta individuale basata su forma, colore e tema visivo; da verificare in anteprima.";generated:basiceff-img_najump-images_nested_sheet
48;Falcidiata;Oscurità;Media;Xesar #102;;Da creare;;;48;"Da reperire un VFX distinto; l’eventuale effetto generico nel gioco non conta come assegnazione.";
49;Inumidire;Acqua;Leggera;Lickard #69;PvPEff.Img Die PVPA2 Die;Proposta;Bersaglio;1;49;"Proposta individuale basata su forma, colore e tema visivo; da verificare in anteprima.";generated:pvpeff-img_die_pvpa2_die-images_nested_sheet
50;Attacco fradicio;Acqua;Media;Lickard #70;Water;Proposta;Bersaglio;1;50;"Proposta individuale basata su forma, colore e tema visivo; da verificare in anteprima.";waterGif
51;Tempesta magnetica;Elettro;Forte;Voltrake #22;Electric Charge Effect;Proposta;Bersaglio;1;51;"Proposta individuale basata su forma, colore e tema visivo; da verificare in anteprima.";gif:electric-charge-effect
52;Temporale;Elettro;Media;Sparkly #23;Thunder Effect;Proposta;Bersaglio;1;52;"Proposta individuale basata su forma, colore e tema visivo; da verificare in anteprima.";gif:thunder-effect
53;Angoscia;Psico;Media;Cerebron #83;HekatonEff 1008.Img AreaWarning;Proposta;Centro;1;53;"Proposta individuale basata su forma, colore e tema visivo; da verificare in anteprima.";generated:hekatoneff_1008-img_areawarning-images_nested_sheet
54;Avanzata;Normale;Leggera;Piox #65;;Da creare;;;54;"Da reperire un VFX distinto; l’eventuale effetto generico nel gioco non conta come assegnazione.";
55;Sussurro;Psico;Leggera;Felyss #9;;Da creare;;;55;"Da reperire un VFX distinto; l’eventuale effetto generico nel gioco non conta come assegnazione.";
56;Sesto senso;Psico;Media;Felyss #10;BasicEff.Img PsychicWorkUpward;Proposta;Bersaglio;1;56;"Proposta individuale basata su forma, colore e tema visivo; da verificare in anteprima.";generated:basiceff-img_psychicworkupward-images_nested_sheet
57;Intreccio mentale;Psico;Media;Felyss #11;OnUserEff.Img JP Zipang NueHit2;Proposta;Bersaglio;1;57;"Proposta individuale basata su forma, colore e tema visivo; da verificare in anteprima.";generated:onusereff-img_jp_zipang_nuehit2-images_nested_sheet
58;Occhio universale;Psico;Forte;Felyss #12;AnglerCompany.Img LadderPuzzle Shock;Calibrazione confermata;Centro;1.5;58;"Calibrazione confermata dall’utente; assegnazione individuale secondo il colore del moveset.";generated:anglercompany-img_ladderpuzzle_shock-images_nested_sheet
59;Assorbilinfa;Erba;Leggera;Beestrix #95;Lynn.Img Skill Heal SpecialAffected;Proposta;Utilizzatore;1.25;59;"Proposta individuale basata su forma, colore e tema visivo; da verificare in anteprima.";generated:lynn-img_skill_heal_specialaffected-images_nested_sheet
60;Avanguardia;Erba;Media;Beestrix #96;;Da creare;;;60;"Da reperire un VFX distinto; l’eventuale effetto generico nel gioco non conta come assegnazione.";
61;Sciame operaio;Erba;Forte;Beestrix #97;;Da creare;;;61;"Da reperire un VFX distinto; l’eventuale effetto generico nel gioco non conta come assegnazione.";
62;Manto d'ombra;Oscurità;Leggera;Cellgon #79;DebuffEffect.Img DropBloodingCurse Start;Proposta;Bersaglio;1;62;"Proposta individuale basata su forma, colore e tema visivo; da verificare in anteprima.";generated:debuffeffect-img_dropbloodingcurse_start-images_nested_sheet
63;Buio pesto;Oscurità;Media;Cellgon #80;;Da creare;;;63;"Da reperire un VFX distinto; l’eventuale effetto generico nel gioco non conta come assegnazione.";
64;Fiamma nera;Oscurità;Forte;Cellgon #81;PvPEff.Img Die PVPA3 Die;Proposta;Bersaglio;1;64;"Proposta individuale basata su forma, colore e tema visivo; da verificare in anteprima.";generated:pvpeff-img_die_pvpa3_die-images_nested_sheet
65;Foglia caduca;Erba;Leggera;Leafrex #52;BasicEff.Img SpiritJump;Proposta;Bersaglio;1;65;"Proposta individuale basata su forma, colore e tema visivo; da verificare in anteprima.";generated:basiceff-img_spiritjump-images_nested_sheet
66;Risveglio verde;Erba;Media;Leafrex #53;Lynn.Img Skill Heal Effect;Proposta;Utilizzatore;1;66;"Proposta individuale basata su forma, colore e tema visivo; da verificare in anteprima.";generated:lynn-img_skill_heal_effect-images_nested_sheet
67;Forza della natura;Erba;Forte;Leafrex #54;FieldGimmickEff.Img Glory E4Square1;Proposta;Centro;1;67;"Proposta individuale basata su forma, colore e tema visivo; da verificare in anteprima.";generated:fieldgimmickeff-img_glory_e4square1-images_nested_sheet
68;Luna storta;Oscurità;Leggera;Eclyps #30;;Da creare;;;68;"Da reperire un VFX distinto; l’eventuale effetto generico nel gioco non conta come assegnazione.";
69;Luna rossa;Oscurità;Media;Eclyps #31;OnUserEff.Img KannaQuest 0;Proposta;Bersaglio;1;69;"Proposta individuale basata su forma, colore e tema visivo; da verificare in anteprima.";generated:onusereff-img_kannaquest_0-images_nested_sheet
70;Puntura anestetica;Erba;Leggera;Zoorian #105;;Da creare;;;70;"Da reperire un VFX distinto; l’eventuale effetto generico nel gioco non conta come assegnazione.";
71;Sete di sangue;Erba;Media;Zoorian #106;Direction.Img Effect Skill Vampire 0;Proposta;Bersaglio;1;71;"Proposta individuale basata su forma, colore e tema visivo; da verificare in anteprima.";generated:direction-img_effect_skill_vampire_0-images_nested_sheet
72;Predigestione;Erba;Leggera;Weedrug #47;;Da creare;;;72;"Da reperire un VFX distinto; l’eventuale effetto generico nel gioco non conta come assegnazione.";
73;Divoramento;Erba;Media;Weedrug #48;;Da creare;;;73;"Da reperire un VFX distinto; l’eventuale effetto generico nel gioco non conta come assegnazione.";
74;Cerino;Fuoco;Leggera;Blazion #32;HighMountain.Img Effect Mitra Aura F 2;Proposta;Bersaglio;1.25;74;"Proposta individuale basata su forma, colore e tema visivo; da verificare in anteprima.";generated:highmountain-img_effect_mitra_aura_f_2-images_nested_sheet
75;Cimitero di fiamme;Fuoco;Forte;Blazion #33;EliteMobEff.Img 0 Effect Regen;Proposta;Bersaglio;1;75;"Proposta individuale basata su forma, colore e tema visivo; da verificare in anteprima.";generated:elitemobeff-img_0_effect_regen-images_nested_sheet
76;Scossa d'assestamento;Terra;Leggera;Boomrock #103;;Da creare;;;76;"Da reperire un VFX distinto; l’eventuale effetto generico nel gioco non conta come assegnazione.";
77;Canyon;Terra;Media;Boomrock #104;;Da creare;;;77;"Da reperire un VFX distinto; l’eventuale effetto generico nel gioco non conta come assegnazione.";
78;Rivolta;Oscurità;Forte;Felvex #44;;Da creare;;;78;"Da reperire un VFX distinto; l’eventuale effetto generico nel gioco non conta come assegnazione.";
79;Guerriglia;Normale;Leggera;Hopz #64;;Da creare;;;79;"Da reperire un VFX distinto; l’eventuale effetto generico nel gioco non conta come assegnazione.";
80;Fangospruzzo;Terra;Leggera;Handipus #20;;Da creare;;;80;"Da reperire un VFX distinto; l’eventuale effetto generico nel gioco non conta come assegnazione.";
81;Fornace;Fuoco;Media;Ignitor #77;BasicEff.Img CannonJump;Proposta;Bersaglio;1.25;81;"Proposta individuale basata su forma, colore e tema visivo; da verificare in anteprima.";generated:basiceff-img_cannonjump-images_nested_sheet
82;Sotterrare;Terra;Leggera;Wormaren #13;;Da creare;;;82;"Da reperire un VFX distinto; l’eventuale effetto generico nel gioco non conta come assegnazione.";
83;Sepoltura;Terra;Media;Wormaren #14;;Da creare;;;83;"Da reperire un VFX distinto; l’eventuale effetto generico nel gioco non conta come assegnazione.";
84;Emersione;Terra;Forte;Wormaren #15;;Da creare;;;84;"Da reperire un VFX distinto; l’eventuale effetto generico nel gioco non conta come assegnazione.";
85;Area 51;Normale;Leggera;RS-219 #39;;Da creare;;;85;"Da reperire un VFX distinto; l’eventuale effetto generico nel gioco non conta come assegnazione.";
86;Viaggio temporale;Normale;Media;RS-219 #40;BasicEff.Img SengokuAssembleTeleport;Proposta;Bersaglio;1;86;"Proposta individuale basata su forma, colore e tema visivo; da verificare in anteprima.";generated:basiceff-img_sengokuassembleteleport-images_nested_sheet
87;Ritorno al futuro;Normale;Forte;RS-219 #41;;Da creare;;;87;"Da reperire un VFX distinto; l’eventuale effetto generico nel gioco non conta come assegnazione.";
88;Occhiolino;Psico;Leggera;Espeiry #89;;Da creare;;;88;"Da reperire un VFX distinto; l’eventuale effetto generico nel gioco non conta come assegnazione.";
89;Pressione spirituale;Psico;Media;Espeiry #90;AnglerCompany.Img FinalBoss Selfharm;Proposta;Bersaglio;1;89;"Proposta individuale basata su forma, colore e tema visivo; da verificare in anteprima.";generated:anglercompany-img_finalboss_selfharm-images_flat_sheet
90;Assorbianima;Psico;Forte;Espeiry #91;DebuffEffect.Img DropBloodingCurse End;Proposta;Bersaglio;1;90;"Proposta individuale basata su forma, colore e tema visivo; da verificare in anteprima.";generated:debuffeffect-img_dropbloodingcurse_end-images_nested_sheet
91;Immersione;Acqua;Leggera;Shabyss #58;;Da creare;;;91;"Da reperire un VFX distinto; l’eventuale effetto generico nel gioco non conta come assegnazione.";
92;Affondare;Acqua;Media;Shabyss #59;;Da creare;;;92;"Da reperire un VFX distinto; l’eventuale effetto generico nel gioco non conta come assegnazione.";
93;Morte dagli abissi;Acqua;Forte;Shabyss #60;Ascend Effect;Da adattare;Bersaglio;1;93;Contiene una creatura riconoscibile: rimuovere o adattare la sagoma alla mossa.;gif:ascend-effect
94;Getto del peso;Terra;Leggera;Crawgoyle #34;;Da creare;;;94;"Da reperire un VFX distinto; l’eventuale effetto generico nel gioco non conta come assegnazione.";
95;Bombardamento;Terra;Media;Crawgoyle #35;;Da creare;;;95;"Da reperire un VFX distinto; l’eventuale effetto generico nel gioco non conta come assegnazione.";
96;Gufata;Normale;Leggera;Ervys #99;;Da creare;;;96;"Da reperire un VFX distinto; l’eventuale effetto generico nel gioco non conta come assegnazione.";
97;Picchiata fatale;Normale;Media;Ervys #100;;Da creare;;;97;"Da reperire un VFX distinto; l’eventuale effetto generico nel gioco non conta come assegnazione.";
98;Fiammella;Fuoco;Leggera;Constrix #49;Fire Flames Sticker By Brannmanndan;Proposta;Bersaglio;1;98;"Proposta individuale basata su forma, colore e tema visivo; da verificare in anteprima.";gif:fire-flames-sticker-by-brannmanndan
99;Spirale ardente;Fuoco;Media;Constrix #50;;Da creare;;;99;"Da reperire un VFX distinto; l’eventuale effetto generico nel gioco non conta come assegnazione.";
100;Testata bassa;Normale;Leggera;Fluffet #62;BasicEff.Img CaptainJump;Proposta;Bersaglio;1;100;"Proposta individuale basata su forma, colore e tema visivo; da verificare in anteprima.";generated:basiceff-img_captainjump-images_nested_sheet
101;Lana magica;Normale;Media;Fluffet #63;;Da creare;;;101;"Da reperire un VFX distinto; l’eventuale effetto generico nel gioco non conta come assegnazione.";
102;Funerale del deserto;Terra;Media;Colussand #19;;Da creare;;;102;"Da reperire un VFX distinto; l’eventuale effetto generico nel gioco non conta come assegnazione.";
103;Sbuffo lavico;Fuoco;Forte;Goliash #51;;Da creare;;;103;"Da reperire un VFX distinto; l’eventuale effetto generico nel gioco non conta come assegnazione.";
104;Sradicamento;Erba;Media;Trippix #78;;Da creare;;;104;"Da reperire un VFX distinto; l’eventuale effetto generico nel gioco non conta come assegnazione.";
105;Jumpscare;Oscurità;Forte;Peek-a-buu #55;HighMountain.Img TynusAttack SlaughterFail;Proposta;Bersaglio;1;105;"Proposta individuale basata su forma, colore e tema visivo; da verificare in anteprima.";generated:highmountain-img_tynusattack_slaughterfail-images_nested_sheet
106;Legnata;Erba;Media;Grooty #98;BasicEff.Img PirateJump;Proposta;Bersaglio;1;106;"Proposta individuale basata su forma, colore e tema visivo; da verificare in anteprima.";generated:basiceff-img_piratejump-images_nested_sheet
107;Sguardo glaciale;Psico;Forte;Oniros #109;;Da creare;;;109;"Da reperire un VFX distinto; l’eventuale effetto generico nel gioco non conta come assegnazione.";
108;Ordine sovrano;Oscurità;Forte;Voider #110;BasicEff.Img JobChangedKain;Proposta;Bersaglio;1;110;"Proposta individuale basata su forma, colore e tema visivo; da verificare in anteprima.";generated:basiceff-img_jobchangedkain-images_nested_sheet
109;Vortice divino;Acqua;Forte;Ao-shin #107;Vortex Effect;Proposta;Bersaglio;1;107;"Proposta individuale basata su forma, colore e tema visivo; da verificare in anteprima.";gif:vortex-effect
110;Fiamma celestiale;Fuoco;Forte;Aka-shin #108;BasicEff.Img Mitra Transform E;Proposta;Bersaglio;1;108;"Proposta individuale basata su forma, colore e tema visivo; da verificare in anteprima.";generated:basiceff-img_mitra_transform_e-images_nested_sheet
111;Brezza Profumata;Erba;Leggera;Vyrath #1;;Da creare;;;111;"Da reperire un VFX distinto; l’eventuale effetto generico nel gioco non conta come assegnazione.";
112;Vento Silvano;Erba;Media;Vyrath #2;BasicEff.Img GustShift;Proposta;Bersaglio;1;112;"Proposta individuale basata su forma, colore e tema visivo; da verificare in anteprima.";generated:basiceff-img_gustshift-images_nested_sheet
113;Maestrale Boschivo;Erba;Media;Vyrath #3;Ea2cac5105a57c00c4385321a5d36392;Proposta;Bersaglio;1;113;"Proposta individuale basata su forma, colore e tema visivo; da verificare in anteprima.";gif:ea2cac5105a57c00c4385321a5d36392
114;Tempesta di Fiori;Erba;Forte;Vyrath #4;Original B289dc8f58de9dc37b042e9896d81b41;Proposta;Centro;1;114;"Proposta individuale basata su forma, colore e tema visivo; da verificare in anteprima.";gif:original-b289dc8f58de9dc37b042e9896d81b41
115;Ciuffo Verde;Erba;Leggera;Teslat #86;BasicEff.Img AMJump;Proposta;Bersaglio;1;115;"Proposta individuale basata su forma, colore e tema visivo; da verificare in anteprima.";generated:basiceff-img_amjump-images_nested_sheet
116;Mazzetto Erboso;Erba;Media;Teslat #87;PvPEff.Img Die PVPA11 Die;Proposta;Bersaglio;1;116;"Proposta individuale basata su forma, colore e tema visivo; da verificare in anteprima.";generated:pvpeff-img_die_pvpa11_die-images_nested_sheet
117;Cespuglio Rigoglioso;Erba;Forte;Teslat #88;BasicEff.Img JobChangedShaman;Proposta;Bersaglio;1;117;"Proposta individuale basata su forma, colore e tema visivo; da verificare in anteprima.";generated:basiceff-img_jobchangedshaman-images_nested_sheet
118;Penna Arcobaleno;Psico;Leggera;Blizzaquil #71;AnglerCompany.Img FinalBoss MiniTail Hit;Calibrazione confermata;Bersaglio;1.25;118;"Calibrazione confermata dall’utente; assegnazione individuale secondo il colore del moveset.";generated:anglercompany-img_finalboss_minitail_hit-images_flat_sheet
119;Ali Elusive;Psico;Media;Blizzaquil #72;HekatonEff 1001.Img Explosion;Calibrazione confermata;Bersaglio;1.25;119;"Calibrazione confermata dall’utente; assegnazione individuale secondo il colore del moveset.";generated:hekatoneff_1001-img_explosion-images_nested_sheet
120;Piumaggio Illusorio;Psico;Forte;Blizzaquil #73;HekatonEff 1011.Img Hit;Da adattare;Bersaglio;1;120;Contiene una sagoma riconoscibile nel portale: rimuoverla per ottenere un effetto psichico generico.;generated:hekatoneff_1011-img_hit-images_nested_sheet
121;Bollobrace;Fuoco;Leggera;Clastoom #16;;Da creare;;;121;"Da reperire un VFX distinto; l’eventuale effetto generico nel gioco non conta come assegnazione.";
122;Fauci incandescenti;Fuoco;Media;Clastoom #17;;Da creare;;;122;"Da reperire un VFX distinto; l’eventuale effetto generico nel gioco non conta come assegnazione.";
123;Detonazione lavica;Fuoco;Forte;Clastoom #18;MobEff.Img DieExplosion 1;Proposta;Bersaglio;1;123;"Proposta individuale basata su forma, colore e tema visivo; da verificare in anteprima.";generated:mobeff-img_dieexplosion_1-images_nested_sheet
124;Cerchio Ondoso;Acqua;Leggera;Ampereel #26;;Da creare;;;124;"Da reperire un VFX distinto; l’eventuale effetto generico nel gioco non conta come assegnazione.";
125;Spirale Acquatica;Acqua;Media;Ampereel #27;59ad165cefdf8a14f3b4e35ad7e8e8a8;Proposta;Bersaglio;1.25;125;"Proposta individuale basata su forma, colore e tema visivo; da verificare in anteprima.";gif:59ad165cefdf8a14f3b4e35ad7e8e8a8
126;Polverone;Terra;Leggera;Felvex #42;Dd83674f2aad58ba545c6007897e1e8b;Proposta;Centro;1;126;"Proposta individuale basata su forma, colore e tema visivo; da verificare in anteprima.";gif:dd83674f2aad58ba545c6007897e1e8b
127;Marcia del deserto;Terra;Media;Felvex #43;Tornado Effect;Proposta;Bersaglio;1;127;"Proposta individuale basata su forma, colore e tema visivo; da verificare in anteprima.";gif:tornado-effect
128;Ringhio Ribelle;Normale;Leggera;Grimbolt #24;Punch;Proposta;Bersaglio;1;128;"Proposta individuale basata su forma, colore e tema visivo; da verificare in anteprima.";punch
129;Colpo Rabbioso;Normale;Media;Grimbolt #25;Lynn.Img Skill HitHard Hit;Calibrazione confermata;Bersaglio;1;129;"Calibrazione confermata dall’utente; assegnazione individuale secondo il colore del moveset.";generated:lynn-img_skill_hithard_hit-images_nested_sheet
130;Pinna Rotante;Normale;Leggera;Deephion #56;;Da creare;;;130;"Da reperire un VFX distinto; l’eventuale effetto generico nel gioco non conta come assegnazione.";
131;Danza dei Fondali;Normale;Media;Deephion #57;;Da creare;;;131;"Da reperire un VFX distinto; l’eventuale effetto generico nel gioco non conta come assegnazione.";
132;Terrore del Fienile;Terra;Leggera;Fearstraw #67;;Da creare;;;132;"Da reperire un VFX distinto; l’eventuale effetto generico nel gioco non conta come assegnazione.";
133;Spauracchio Contadino;Terra;Media;Fearstraw #68;;Da creare;;;133;"Da reperire un VFX distinto; l’eventuale effetto generico nel gioco non conta come assegnazione.";
134;Foglia Quantica;Erba;Media;Shrody #21;BasicEff.Img JobChangedAdeleFront;Proposta;Bersaglio;1;134;"Proposta individuale basata su forma, colore e tema visivo; da verificare in anteprima.";generated:basiceff-img_jobchangedadelefront-images_nested_sheet
135;Incendio a Staffetta;Fuoco;Forte;Hoppiox #66;;Da creare;;;135;"Da reperire un VFX distinto; l’eventuale effetto generico nel gioco non conta come assegnazione.";
136;Maremoto Sotterraneo;Terra;Forte;Reliskull #82;;Da creare;;;136;"Da reperire un VFX distinto; l’eventuale effetto generico nel gioco non conta come assegnazione.";
137;Sbattimuso;Normale;Forte;Wailoom #61;;Da creare;;;137;"Da reperire un VFX distinto; l’eventuale effetto generico nel gioco non conta come assegnazione.";
138;Dardo di Fiamma;Fuoco;Leggera;Darklaw #5;;Da creare;;;138;"Da reperire un VFX distinto; l’eventuale effetto generico nel gioco non conta come assegnazione.";
139;Pioggia di Scintille;Fuoco;Media;Darklaw #6;;Da creare;;;139;"Da reperire un VFX distinto; l’eventuale effetto generico nel gioco non conta come assegnazione.";
140;Furia Fuliggine;Fuoco;Media;Darklaw #7;;Da creare;;;140;"Da reperire un VFX distinto; l’eventuale effetto generico nel gioco non conta come assegnazione.";
141;Mantello di Carbone;Fuoco;Forte;Darklaw #8;BasicEff.Img SpecModeEndEffect;Proposta;Bersaglio;1;141;"Proposta individuale basata su forma, colore e tema visivo; da verificare in anteprima.";generated:basiceff-img_specmodeendeffect-images_nested_sheet
142;Sguardo Minaccioso;Oscurità;Leggera;Pyrodil #92;;Da creare;;;142;"Da reperire un VFX distinto; l’eventuale effetto generico nel gioco non conta come assegnazione.";
143;Ombra Rossa;Oscurità;Media;Pyrodil #93;Dmitry Sarkisov Ssss;Da adattare;Centro;1;143;La GIF contiene un fondale colorato: estrarre l’effetto prima dell’uso definitivo.;gif:dmitry-sarkisov-ssss
144;Piaga delle Tenebre;Oscurità;Forte;Pyrodil #94;HighMountain.Img Effect Tynus Burst 2;Proposta;Bersaglio;1;144;"Proposta individuale basata su forma, colore e tema visivo; da verificare in anteprima.";generated:highmountain-img_effect_tynus_burst_2-images_nested_sheet
145;Lancio di Libri;Normale;Leggera;Impise #74;BasicEff.Img DragonJump;Proposta;Bersaglio;1;145;"Proposta individuale basata su forma, colore e tema visivo; da verificare in anteprima.";generated:basiceff-img_dragonjump-images_nested_sheet
146;Pugno Saggio;Normale;Media;Impise #75;Guts Punch;Proposta;Bersaglio;1;146;"Proposta individuale basata su forma, colore e tema visivo; da verificare in anteprima.";gutsPunchGif
147;Conoscenza Antica;Normale;Forte;Impise #76;BasicEff.Img RewardEffect ScreenEff;Proposta;Bersaglio;1;147;"Proposta individuale basata su forma, colore e tema visivo; da verificare in anteprima.";generated:basiceff-img_rewardeffect_screeneff-images_nested_sheet
148;Salto Idroelettrico;Acqua;Leggera;Chimzap #36;BasicEff.Img ViperJump;Proposta;Bersaglio;1;148;"Proposta individuale basata su forma, colore e tema visivo; da verificare in anteprima.";generated:basiceff-img_viperjump-images_nested_sheet
149;Cascata Elettrificata;Acqua;Media;Chimzap #37;;Da creare;;;149;"Da reperire un VFX distinto; l’eventuale effetto generico nel gioco non conta come assegnazione.";
150;Idroscarica;Acqua;Forte;Chimzap #38;FieldGimmickEff.Img Glory E4Square2;Proposta;Bersaglio;1;150;"Proposta individuale basata su forma, colore e tema visivo; da verificare in anteprima.";generated:fieldgimmickeff-img_glory_e4square2-images_nested_sheet
151;Scatto veloce;Normale;Leggera;Silvard #28;BasicEff.Img QuickSilver;Proposta;Bersaglio;1;151;"Proposta individuale basata su forma, colore e tema visivo; da verificare in anteprima.";generated:basiceff-img_quicksilver-images_nested_sheet
152;Corsa inarrestabile;Normale;Media;Silvard #29;;Da creare;;;152;"Da reperire un VFX distinto; l’eventuale effetto generico nel gioco non conta come assegnazione.";
153;Respiro profondo;Normale;Leggera;Psycroak #84;Cure;Proposta;Utilizzatore;1;153;"Proposta individuale basata su forma, colore e tema visivo; da verificare in anteprima.";cure
154;Tocco di pace;Normale;Media;Psycroak #85;Cure GIF;Proposta;Utilizzatore;1;154;"Proposta individuale basata su forma, colore e tema visivo; da verificare in anteprima.";cureGif
155;Volo Furtivo;Normale;Leggera;Spectron #45;;Da creare;;;155;"Da reperire un VFX distinto; l’eventuale effetto generico nel gioco non conta come assegnazione.";
156;Sferzata Celata;Normale;Forte;Spectron #46;32efb159a574c80340a9fc81af4bf558;Proposta;Bersaglio;1;156;"Proposta individuale basata su forma, colore e tema visivo; da verificare in anteprima.";gif:32efb159a574c80340a9fc81af4bf558
157;Fendente Ombraverde;Erba;Leggera;Xesar #101;Slash;Proposta;Bersaglio;1;157;"Proposta individuale basata su forma, colore e tema visivo; da verificare in anteprima.";slash
158;Lama Sanguisuga;Erba;Media;Xesar #102;Direction.Img Effect Skill Vampirehit 0;Proposta;Bersaglio;1;158;"Proposta individuale basata su forma, colore e tema visivo; da verificare in anteprima.";generated:direction-img_effect_skill_vampirehit_0-images_nested_sheet
159;Leccata Fangosa;Terra;Leggera;Lickard #69;;Da creare;;;159;"Da reperire un VFX distinto; l’eventuale effetto generico nel gioco non conta come assegnazione.";
160;Baratro Melmoso;Terra;Media;Lickard #70;;Da creare;;;160;"Da reperire un VFX distinto; l’eventuale effetto generico nel gioco non conta come assegnazione.";
161;Richiamo del Bosco;Erba;Forte;Voltrake #22;JinHillah.Img Altar Success;Proposta;Bersaglio;1;161;"Proposta individuale basata su forma, colore e tema visivo; da verificare in anteprima.";generated:jinhillah-img_altar_success-images_nested_sheet
162;Trappola Saltellante;Erba;Media;Sparkly #23;;Da creare;;;162;"Da reperire un VFX distinto; l’eventuale effetto generico nel gioco non conta come assegnazione.";
163;Assalto Marziano;Normale;Media;Cerebron #83;;Da creare;;;163;"Da reperire un VFX distinto; l’eventuale effetto generico nel gioco non conta come assegnazione.";
164;Canto del Crepuscolo;Oscurità;Leggera;Piox #65;;Da creare;;;164;"Da reperire un VFX distinto; l’eventuale effetto generico nel gioco non conta come assegnazione.";
165;Tocco Ghiacciato;Acqua;Leggera;Felyss #9;;Da creare;;;165;"Da reperire un VFX distinto; l’eventuale effetto generico nel gioco non conta come assegnazione.";
166;Squarcio Glaciale;Acqua;Media;Felyss #10;Flash Effect;Proposta;Bersaglio;1;166;"Proposta individuale basata su forma, colore e tema visivo; da verificare in anteprima.";gif:flash-effect
167;Fredda Illusione;Acqua;Media;Felyss #11;;Da creare;;;167;"Da reperire un VFX distinto; l’eventuale effetto generico nel gioco non conta come assegnazione.";
168;Bora Eterea;Acqua;Forte;Felyss #12;BasicEff.Img JobChangedAranFront;Proposta;Bersaglio;1;168;"Proposta individuale basata su forma, colore e tema visivo; da verificare in anteprima.";generated:basiceff-img_jobchangedaranfront-images_nested_sheet
169;Ronzio Psichico;Psico;Leggera;Beestrix #95;Psychic;Proposta;Bersaglio;1;169;"Proposta individuale basata su forma, colore e tema visivo; da verificare in anteprima.";psychicGif
170;Sciame Mentale;Psico;Media;Beestrix #96;;Da creare;;;170;"Da reperire un VFX distinto; l’eventuale effetto generico nel gioco non conta come assegnazione.";
171;Organizzazione Psionica;Psico;Forte;Beestrix #97;HighMountain.Img Effect FeverTime;Proposta;Bersaglio;1;171;"Proposta individuale basata su forma, colore e tema visivo; da verificare in anteprima.";generated:highmountain-img_effect_fevertime-images_nested_sheet
172;Aspirafuoco;Fuoco;Leggera;Cellgon #79;;Da creare;;;172;"Da reperire un VFX distinto; l’eventuale effetto generico nel gioco non conta come assegnazione.";
173;Aura Incandescente;Fuoco;Media;Cellgon #80;HighMountain.Img Effect Mitra Aura B 2;Proposta;Bersaglio;1;173;"Proposta individuale basata su forma, colore e tema visivo; da verificare in anteprima.";generated:highmountain-img_effect_mitra_aura_b_2-images_nested_sheet
174;Cannone Infernale;Fuoco;Forte;Cellgon #81;Fire Wave;Proposta;Centro;1;174;"Proposta individuale basata su forma, colore e tema visivo; da verificare in anteprima.";fireWaveGif
175;Spruzzata di Foglie;Acqua;Leggera;Leafrex #52;;Da creare;;;175;"Da reperire un VFX distinto; l’eventuale effetto generico nel gioco non conta come assegnazione.";
176;Spirale Umida;Acqua;Media;Leafrex #53;;Da creare;;;176;"Da reperire un VFX distinto; l’eventuale effetto generico nel gioco non conta come assegnazione.";
177;Alluvione di Germogli;Acqua;Forte;Leafrex #54;A1becbd5b329954a2063f352beceef35;Da adattare;Bersaglio;1;177;GIF con sfondo nero e watermark: il blend screen attenua il nero, ma occorre ripulire il watermark.;gif:a1becbd5b329954a2063f352beceef35
178;Scintilla Lunare;Fuoco;Leggera;Eclyps #30;HighMountain.Img MitraFlare Create;Proposta;Bersaglio;1;178;"Proposta individuale basata su forma, colore e tema visivo; da verificare in anteprima.";generated:highmountain-img_mitraflare_create-images_nested_sheet
179;Eclissi Infuocata;Fuoco;Media;Eclyps #31;Original Baae4227ed011e0ee13945cc78228deb;Da adattare;Centro;1;179;La GIF contiene un fondale a gradiente: isolare l’orbita luminosa.;gif:original-baae4227ed011e0ee13945cc78228deb
180;Puntura veloce;Normale;Leggera;Zoorian #105;Direction1.Img Effect Skill OverSwingDouble 0;Calibrazione confermata;Bersaglio;1;180;"Calibrazione confermata dall’utente; assegnazione individuale secondo il colore del moveset.";generated:direction1-img_effect_skill_overswingdouble_0-images_nested_sheet
181;Danza del pungiglione;Normale;Media;Zoorian #106;;Da creare;;;181;"Da reperire un VFX distinto; l’eventuale effetto generico nel gioco non conta come assegnazione.";
182;Colpo di Liana;Normale;Leggera;Weedrug #47;BasicEff.Img TJRJump;Calibrazione confermata;Bersaglio;1;182;"Calibrazione confermata dall’utente; assegnazione individuale secondo il colore del moveset.";generated:basiceff-img_tjrjump-images_nested_sheet
183;Agguato Silvestre;Normale;Media;Weedrug #48;Lynn.Img Skill SneakAttackHit;Proposta;Bersaglio;1;183;"Proposta individuale basata su forma, colore e tema visivo; da verificare in anteprima.";generated:lynn-img_skill_sneakattackhit-images_nested_sheet
184;Ruggito fulminante;Elettro;Leggera;Blazion #32;Lightning;Proposta;Bersaglio;1;184;"Proposta individuale basata su forma, colore e tema visivo; da verificare in anteprima.";lightningGif
185;Tuono regale;Elettro;Forte;Blazion #33;HighMountain.Img Effect Tynus Lightning 2;Calibrazione confermata;Bersaglio;1.5;185;"Calibrazione confermata dall’utente; assegnazione individuale secondo il colore del moveset.";generated:highmountain-img_effect_tynus_lightning_2-images_nested_sheet
186;Braciere Profondo;Fuoco;Leggera;Boomrock #103;;Da creare;;;186;"Da reperire un VFX distinto; l’eventuale effetto generico nel gioco non conta come assegnazione.";
187;Fiamma Sotterranea;Fuoco;Media;Boomrock #104;;Da creare;;;187;"Da reperire un VFX distinto; l’eventuale effetto generico nel gioco non conta come assegnazione.";
188;Pulviscolo Ionizzate;Elettro;Forte;Felvex #44;Original 2a6067837a9439cdde80419cce37d493;Da adattare;Centro;1;188;La GIF contiene un gradiente rosso: pulire lo sfondo prima dell’uso definitivo.;gif:original-2a6067837a9439cdde80419cce37d493
189;Gemma Smeraldina;Erba;Leggera;Hopz #64;PvPEff.Img Die PVPA1 Die;Proposta;Bersaglio;1;189;"Proposta individuale basata su forma, colore e tema visivo; da verificare in anteprima.";generated:pvpeff-img_die_pvpa1_die-images_nested_sheet
190;Abbraccio Traballante;Erba;Leggera;Handipus #20;PvPEff.Img Die PVPA10 Die;Proposta;Bersaglio;1;190;"Proposta individuale basata su forma, colore e tema visivo; da verificare in anteprima.";generated:pvpeff-img_die_pvpa10_die-images_nested_sheet
191;Surriscaldamento;Elettro;Media;Ignitor #77;Dmitry Sarkisov Ezgif 3 F01075eaae7b;Da adattare;Centro;1;191;La GIF contiene un fondale a gradiente: il blend screen non rende trasparente tutto lo sfondo.;gif:dmitry-sarkisov-ezgif-3-f01075eaae7b
192;Scottatura;Fuoco;Leggera;Wormaren #13;Fire Pulse;Proposta;Bersaglio;1;192;"Proposta individuale basata su forma, colore e tema visivo; da verificare in anteprima.";firePulseGif
193;Sabbia Ardente;Fuoco;Media;Wormaren #14;;Da creare;;;193;"Da reperire un VFX distinto; l’eventuale effetto generico nel gioco non conta come assegnazione.";
194;Tornado di Fuoco e Sabbia;Fuoco;Forte;Wormaren #15;Typhoon Effect;Proposta;Bersaglio;1;194;"Proposta individuale basata su forma, colore e tema visivo; da verificare in anteprima.";gif:typhoon-effect
195;Bruciatura Laser;Fuoco;Leggera;RS-219 #39;Fire Impact;Proposta;Bersaglio;1;195;"Proposta individuale basata su forma, colore e tema visivo; da verificare in anteprima.";fireImpactGif
196;Fiamma Futuristica;Fuoco;Media;RS-219 #40;;Da creare;;;196;"Da reperire un VFX distinto; l’eventuale effetto generico nel gioco non conta come assegnazione.";
197;Scarica Pulsar;Fuoco;Forte;RS-219 #41;AnglerCompany.Img SubBoss RailCannon Discharge;Proposta;Bersaglio;1;197;"Proposta individuale basata su forma, colore e tema visivo; da verificare in anteprima.";generated:anglercompany-img_subboss_railcannon_discharge-images_nested_sheet
198;Polvere Ardente;Fuoco;Leggera;Espeiry #89;;Da creare;;;198;"Da reperire un VFX distinto; l’eventuale effetto generico nel gioco non conta come assegnazione.";
199;Sfolgorio Magico;Fuoco;Media;Espeiry #90;BasicEff.Img Kaiser Transform3 E;Proposta;Bersaglio;1;199;"Proposta individuale basata su forma, colore e tema visivo; da verificare in anteprima.";generated:basiceff-img_kaiser_transform3_e-images_nested_sheet
200;Turbinio di Fuochi Fatui;Fuoco;Forte;Espeiry #91;;Da creare;;;200;"Da reperire un VFX distinto; l’eventuale effetto generico nel gioco non conta come assegnazione.";
201;Nuotata Inquietante;Oscurità;Leggera;Shabyss #58;;Da creare;;;201;"Da reperire un VFX distinto; l’eventuale effetto generico nel gioco non conta come assegnazione.";
202;Squalo Ombra;Oscurità;Media;Shabyss #59;Annihilate Effect;Da adattare;Bersaglio;1;202;Contiene una creatura riconoscibile: rendere la sagoma coerente con Squalo Ombra o rimuoverla.;gif:annihilate-effect
203;Fauci dell'abisso;Oscurità;Forte;Shabyss #60;;Da creare;;;203;"Da reperire un VFX distinto; l’eventuale effetto generico nel gioco non conta come assegnazione.";
204;Eco del Guardiano;Oscurità;Leggera;Crawgoyle #34;;Da creare;;;204;"Da reperire un VFX distinto; l’eventuale effetto generico nel gioco non conta come assegnazione.";
205;Presenza Custode;Oscurità;Media;Crawgoyle #35;;Da creare;;;205;"Da reperire un VFX distinto; l’eventuale effetto generico nel gioco non conta come assegnazione.";
206;Fumo Inquieto;Fuoco;Leggera;Ervys #99;Kenney Smoke;Proposta;Bersaglio;1;206;"Proposta individuale basata su forma, colore e tema visivo; da verificare in anteprima. Risorsa statica, non animazione GIF/sprite sheet.";kenneySmoke
207;Fiamma a 270°;Fuoco;Media;Ervys #100;BasicEff.Img MonkeyPush;Proposta;Bersaglio;1;207;"Proposta individuale basata su forma, colore e tema visivo; da verificare in anteprima.";generated:basiceff-img_monkeypush-images_nested_sheet
208;Morsa Terrigena;Terra;Leggera;Constrix #49;;Da creare;;;208;"Da reperire un VFX distinto; l’eventuale effetto generico nel gioco non conta come assegnazione.";
209;Soffocaterra;Terra;Media;Constrix #50;;Da creare;;;209;"Da reperire un VFX distinto; l’eventuale effetto generico nel gioco non conta come assegnazione.";
210;Battito Terrestre;Terra;Leggera;Fluffet #62;;Da creare;;;210;"Da reperire un VFX distinto; l’eventuale effetto generico nel gioco non conta come assegnazione.";
211;Zoccolata Fangosa;Terra;Media;Fluffet #63;;Da creare;;;211;"Da reperire un VFX distinto; l’eventuale effetto generico nel gioco non conta come assegnazione.";
212;Scontro Colossale;Normale;Media;Colussand #19;;Da creare;;;212;"Da reperire un VFX distinto; l’eventuale effetto generico nel gioco non conta come assegnazione.";
213;Movimento Continentale;Normale;Forte;Goliash #51;;Da creare;;;213;"Da reperire un VFX distinto; l’eventuale effetto generico nel gioco non conta come assegnazione.";
214;Passo Furtivo;Oscurità;Media;Trippix #78;BasicEff.Img ShadowMoveStart;Proposta;Bersaglio;1;214;"Proposta individuale basata su forma, colore e tema visivo; da verificare in anteprima.";generated:basiceff-img_shadowmovestart-images_nested_sheet
215;Cucù Settete;Normale;Forte;Peek-a-buu #55;Psychic Burst;Da adattare;Centro;1;215;Mostra un volto/mostro viola: adattare la sagoma al tema di Cucù Settete.;psychicBurstGif
216;Rugiada Mattutina;Acqua;Media;Grooty #98;;Da creare;;;216;"Da reperire un VFX distinto; l’eventuale effetto generico nel gioco non conta come assegnazione.";
217;Boro Breath;Normale;Forte;Oniros #109;;Da creare;;;217;"Da reperire un VFX distinto; l’eventuale effetto generico nel gioco non conta come assegnazione.";
218;Boro Breath;Normale;Forte;Voider #110;;Da creare;;;218;"Da reperire un VFX distinto; l’eventuale effetto generico nel gioco non conta come assegnazione.";
219;Visione Musiva;Normale;Forte;Ao-shin #107;Burst;Proposta;Centro;1;219;"Proposta individuale basata su forma, colore e tema visivo; da verificare in anteprima.";burst
220;Ordine Imperiale;Normale;Forte;Aka-shin #108;;Da creare;;;220;"Da reperire un VFX distinto; l’eventuale effetto generico nel gioco non conta come assegnazione.";
221;Furia Ionica;Status (Paralisi);Status / danno fisso;"Vyrath #3; Vyrath #4";;Da creare;;;;"Da reperire un VFX distinto; l’eventuale effetto generico nel gioco non conta come assegnazione.";
222;Colpo Cibernetico;Status (Danno Fisso);Status / danno fisso;"Teslat #87; Teslat #88";Guard Break;Proposta;Bersaglio;1;;"Rottura di uno scudo cibernetico: proposta per il danno fisso, senza introdurre una meccanica di rottura guardia. Proposta individuale basata su forma, colore e tema visivo; da verificare in anteprima.";guardBreakGif
223;Scheggia Gelida;Status (Danno Fisso);Status / danno fisso;"Blizzaquil #72; Blizzaquil #73";;Da creare;;;;"Da reperire un VFX distinto; l’eventuale effetto generico nel gioco non conta come assegnazione.";
224;Flusso Vitale;Status (Recupero Alto HP);Status / danno fisso;"Clastoom #17; Clastoom #18";OnUserEff.Img AbyssExpedition Summon;Proposta;Utilizzatore;1;;"Proposta individuale basata su forma, colore e tema visivo; da verificare in anteprima.";generated:onusereff-img_abyssexpedition_summon-images_nested_sheet
225;Impatto Voltaico;Status (Paralisi);Status / danno fisso;Ampereel #27;AnglerCompany.Img SubBoss ChargedCannon Red Hit;Proposta;Bersaglio;1;;"Proposta individuale basata su forma, colore e tema visivo; da verificare in anteprima.";generated:anglercompany-img_subboss_chargedcannon_red_hit-images_nested_sheet
226;Calma Piatta;Status (Sonno);Status / danno fisso;"Felvex #43; Felvex #44";;Da creare;;;;"Da reperire un VFX distinto; l’eventuale effetto generico nel gioco non conta come assegnazione.";
227;Impatto Statico;Status (Paralisi);Status / danno fisso;Grimbolt #25;;Da creare;;;;"Da reperire un VFX distinto; l’eventuale effetto generico nel gioco non conta come assegnazione.";
228;Illusione Sincronica;Status (Confusione);Status / danno fisso;Deephion #57;Confuse;Proposta;Bersaglio;1;;"Proposta individuale basata su forma, colore e tema visivo; da verificare in anteprima.";confuseGif
229;Fuga Mentale;Status (Confusione);Status / danno fisso;Fearstraw #68;;Da creare;;;;"Da reperire un VFX distinto; l’eventuale effetto generico nel gioco non conta come assegnazione.";
230;Barriera elettrica;Status (Paralisi);Status / danno fisso;Shrody #21;AnglerCompany.Img SubBoss RailCannon Guard;Proposta;Bersaglio;1;;"Anello elettrico sul bersaglio: rappresenta paralisi, non conferisce protezione. Proposta individuale basata su forma, colore e tema visivo; da verificare in anteprima.";generated:anglercompany-img_subboss_railcannon_guard-images_nested_sheet
231;Tocco Risanante;Status (Cura Status e Recupero Basso HP);Status / danno fisso;Hoppiox #66;;Da creare;;;;"Da reperire un VFX distinto; l’eventuale effetto generico nel gioco non conta come assegnazione.";
232;Soffio Purificante;Status (Cura Status e Recupero Basso HP);Status / danno fisso;Reliskull #82;;Da creare;;;;"Da reperire un VFX distinto; l’eventuale effetto generico nel gioco non conta come assegnazione.";
233;Acqua Curativa;Status (Recupero Alto HP);Status / danno fisso;Wailoom #61;;Da creare;;;;"Da reperire un VFX distinto; l’eventuale effetto generico nel gioco non conta come assegnazione.";
234;Ombra del Riposo;Status (Sonno);Status / danno fisso;"Darklaw #7; Darklaw #8";;Da creare;;;;"Da reperire un VFX distinto; l’eventuale effetto generico nel gioco non conta come assegnazione.";
235;Morso Ardente;Status (Danno Fisso);Status / danno fisso;"Pyrodil #93; Pyrodil #94";ChampionRaid.Img StackDebuff Flame Pre;Proposta;Bersaglio;1;;"Proposta individuale basata su forma, colore e tema visivo; da verificare in anteprima.";generated:championraid-img_stackdebuff_flame_pre-images_nested_sheet
236;Caos Psichico;Status (Confusione);Status / danno fisso;"Impise #75; Impise #76";;Da creare;;;;"Da reperire un VFX distinto; l’eventuale effetto generico nel gioco non conta come assegnazione.";
237;Battito Animale;Status (Recupero Alto HP);Status / danno fisso;"Chimzap #37; Chimzap #38";BasicEff.Img ItemLevelUp;Da adattare;Utilizzatore;1;;Contiene la scritta LEVEL UP: rimuovere il testo prima di usarlo come recupero HP.;generated:basiceff-img_itemlevelup-images_nested_sheet
238;Rilascio Cinetico;Status (Cura Paralisi);Status / danno fisso;Silvard #29;DiceMaster · faccia 2;Da adattare;Utilizzatore;1;;"Riserva tecnica: mostra una faccia di dado. Sostituire l’icona con una rappresentazione della mossa; non pronto per la battaglia.";generated:effectpl-img_dicemaster-images_nested__diceroll__2_sheet
239;Scioglimento Muscolare;Status (Cura Paralisi);Status / danno fisso;Psycroak #85;DiceMaster · faccia 3;Da adattare;Utilizzatore;1;;"Riserva tecnica: mostra una faccia di dado. Sostituire l’icona con una rappresentazione della mossa; non pronto per la battaglia.";generated:effectpl-img_dicemaster-images_nested__diceroll__3_sheet
240;Disperdi Tensione;Status (Cura Paralisi);Status / danno fisso;Spectron #46;DiceMaster · faccia 4;Da adattare;Utilizzatore;1;;"Riserva tecnica: mostra una faccia di dado. Sostituire l’icona con una rappresentazione della mossa; non pronto per la battaglia.";generated:effectpl-img_dicemaster-images_nested__diceroll__4_sheet
241;Abbraccio Curativo;Status (Cura Status e Recupero Basso HP);Status / danno fisso;Xesar #102;BasicEff.Img Wedding;Proposta;Utilizzatore;1;;"Proposta individuale basata su forma, colore e tema visivo; da verificare in anteprima.";generated:basiceff-img_wedding-images_nested_sheet
242;Papille Paralizzanti;Status (Paralisi);Status / danno fisso;Lickard #70;;Da creare;;;;"Da reperire un VFX distinto; l’eventuale effetto generico nel gioco non conta come assegnazione.";
243;Siero Corrosivo;Status (Veleno);Status / danno fisso;Voltrake #22;ChampionRaid.Img StackDebuff Acid Pre;Proposta;Bersaglio;1;;"Proposta individuale basata su forma, colore e tema visivo; da verificare in anteprima.";generated:championraid-img_stackdebuff_acid_pre-images_nested_sheet
244;Rilascio Elettrico;Status (Cura Paralisi);Status / danno fisso;Sparkly #23;DiceMaster · faccia 5;Da adattare;Utilizzatore;1;;"Riserva tecnica: mostra una faccia di dado. Sostituire l’icona con una rappresentazione della mossa; non pronto per la battaglia.";generated:effectpl-img_dicemaster-images_nested__diceroll__5_sheet
245;Fine della Stasi;Status (Cura Paralisi);Status / danno fisso;Cerebron #83;DiceMaster · faccia 6;Da adattare;Utilizzatore;1;;"Riserva tecnica: mostra una faccia di dado. Sostituire l’icona con una rappresentazione della mossa; non pronto per la battaglia.";generated:effectpl-img_dicemaster-images_nested__diceroll__6_sheet
246;Defibrillazione;Status (Cura Paralisi);Status / danno fisso;Piox #65;;Da creare;;;;"Da reperire un VFX distinto; l’eventuale effetto generico nel gioco non conta come assegnazione.";
247;Sguardo Ipnotico;Status (Confusione);Status / danno fisso;"Felyss #11; Felyss #12";Kenney Magic Ring;Proposta;Bersaglio;1;;"Proposta individuale basata su forma, colore e tema visivo; da verificare in anteprima. Risorsa statica, non animazione GIF/sprite sheet.";kenneyMagic
248;Iniezione Velenosa;Status (Veleno);Status / danno fisso;"Beestrix #96; Beestrix #97";;Da creare;;;;"Da reperire un VFX distinto; l’eventuale effetto generico nel gioco non conta come assegnazione.";
249;Impatto Genetico;Status (Danno Fisso);Status / danno fisso;"Cellgon #80; Cellgon #81";;Da creare;;;;"Da reperire un VFX distinto; l’eventuale effetto generico nel gioco non conta come assegnazione.";
250;Soffio della Foresta;Status (Recupero Alto HP);Status / danno fisso;"Leafrex #53; Leafrex #54";;Da creare;;;;"Da reperire un VFX distinto; l’eventuale effetto generico nel gioco non conta come assegnazione.";
251;Sonno stellato;Status (Sonno);Status / danno fisso;Eclyps #31;;Da creare;;;;"Da reperire un VFX distinto; l’eventuale effetto generico nel gioco non conta come assegnazione.";
252;Goccia Tossica;Status (Veleno);Status / danno fisso;Zoorian #106;Poison;Proposta;Bersaglio;1;;"Proposta individuale basata su forma, colore e tema visivo; da verificare in anteprima.";poisonGif
253;Folgorazione;Status (Paralisi);Status / danno fisso;Weedrug #48;;Da creare;;;;"Da reperire un VFX distinto; l’eventuale effetto generico nel gioco non conta come assegnazione.";
254;Gargantua;Status (Sonno);Status / danno fisso;Blazion #33;;Da creare;;;;"Da reperire un VFX distinto; l’eventuale effetto generico nel gioco non conta come assegnazione.";
255;Lento Recupero;Status (Recupero Alto HP);Status / danno fisso;Boomrock #104;;Da creare;;;;"Da reperire un VFX distinto; l’eventuale effetto generico nel gioco non conta come assegnazione.";
256;Stasi Elettrica;Status (Paralisi);Status / danno fisso;Felvex #44;Debuff;Proposta;Bersaglio;1;;"Integrazione dell’utente: Felvex evoluzione Oscurità (#44), status che causa paralisi. Aura viola sul bersaglio; assegnazione preliminare. Proposta individuale basata su forma, colore e tema visivo; da verificare in anteprima.";debuff
257;Palmo del Risveglio;Status (Cura Paralisi);Status / danno fisso;Hopz #64;;Da creare;;;;"Da reperire un VFX distinto; l’eventuale effetto generico nel gioco non conta come assegnazione.";
258;Vento del Disordine;Status (Confusione);Status / danno fisso;Handipus #20;;Da creare;;;;"Da reperire un VFX distinto; l’eventuale effetto generico nel gioco non conta come assegnazione.";
259;Barriera Psichica;Status (Confusione);Status / danno fisso;Ignitor #77;Barrier;Proposta;Bersaglio;1;;"Barriera psichica sul bersaglio: rappresenta confusione, non conferisce una barriera nel motore. Proposta individuale basata su forma, colore e tema visivo; da verificare in anteprima.";barrier
260;RInnovo Neurostatico;Status (Cura Paralisi);Status / danno fisso;"Wormaren #14; Wormaren #15";Buff;Proposta;Utilizzatore;1;;"Proposta individuale basata su forma, colore e tema visivo; da verificare in anteprima.";buff
261;Dono del Tempo;Status (Danno Fisso);Status / danno fisso;"RS-219 #40; RS-219 #41";DiceMaster · faccia 1;Da adattare;Bersaglio;1;;"Riserva tecnica: mostra una faccia di dado. Sostituire l’icona con una rappresentazione della mossa; non pronto per la battaglia.";generated:effectpl-img_dicemaster-images_nested__diceroll__1_sheet
262;Sospiro Fiabesco;Status (Sonno);Status / danno fisso;"Espeiry #90; Espeiry #91";;Da creare;;;;"Da reperire un VFX distinto; l’eventuale effetto generico nel gioco non conta come assegnazione.";
263;Rugiada Curativa;Status (Cura Status e Recupero Basso HP);Status / danno fisso;"Shabyss #59; Shabyss #60";;Da creare;;;;"Da reperire un VFX distinto; l’eventuale effetto generico nel gioco non conta come assegnazione.";
264;Reset Corporeo;Status (Cura Paralisi);Status / danno fisso;Crawgoyle #35;;Da creare;;;;"Da reperire un VFX distinto; l’eventuale effetto generico nel gioco non conta come assegnazione.";
265;Onde Rilassanti;Status (Sonno);Status / danno fisso;Ervys #100;;Da creare;;;;"Da reperire un VFX distinto; l’eventuale effetto generico nel gioco non conta come assegnazione.";
266;Aura Velenosa;Status (Veleno);Status / danno fisso;Constrix #50;;Da creare;;;;"Da reperire un VFX distinto; l’eventuale effetto generico nel gioco non conta come assegnazione.";
267;Ristoro Completo;Status (Recupero Alto HP);Status / danno fisso;Fluffet #63;MobEff.Img APCRevive 0;Proposta;Utilizzatore;1;;"Proposta individuale basata su forma, colore e tema visivo; da verificare in anteprima.";generated:mobeff-img_apcrevive_0-images_nested_sheet
268;Melodia Sfasata;Status (Confusione);Status / danno fisso;Colussand #19;;Da creare;;;;"Da reperire un VFX distinto; l’eventuale effetto generico nel gioco non conta come assegnazione.";
269;Spirito della Fuoco;Status (Recupero Alto HP);Status / danno fisso;Goliash #51;;Da creare;;;;"Da reperire un VFX distinto; l’eventuale effetto generico nel gioco non conta come assegnazione.";
270;Catene rigide;Status (Paralisi);Status / danno fisso;Trippix #78;;Da creare;;;;"Da reperire un VFX distinto; l’eventuale effetto generico nel gioco non conta come assegnazione.";
271;Torpore Artico;Status (Paralisi);Status / danno fisso;Peek-a-buu #55;ChampionRaid.Img StackDebuff Frozen Pre;Proposta;Bersaglio;1;;"Proposta individuale basata su forma, colore e tema visivo; da verificare in anteprima.";generated:championraid-img_stackdebuff_frozen_pre-images_nested_sheet
272;Linfa Ristoratrice;Status (Recupero Alto HP);Status / danno fisso;Grooty #98;Lynn.Img Skill Heal SpecialAffected0;Proposta;Utilizzatore;1;;"Proposta individuale basata su forma, colore e tema visivo; da verificare in anteprima.";generated:lynn-img_skill_heal_specialaffected0-images_nested_sheet
273;Comando draconico;Status (Immunità da Status);Status / danno fisso;Ao-shin #107;Shield;Proposta;Utilizzatore;1;;"Proposta individuale basata su forma, colore e tema visivo; da verificare in anteprima.";shield
274;Comando draconico;Status (Immunità da Status);Status / danno fisso;Aka-shin #108;;Da creare;;;;"Da reperire un VFX distinto; l’eventuale effetto generico nel gioco non conta come assegnazione.";
275;Imposizione oculare;Status (Immunità da Status);Status / danno fisso;Oniros #109;BasicEff.Img MirrorDungeonIntrude;Proposta;Utilizzatore;1;;"Sfera luminosa per immunità agli status, centrata sull’utilizzatore. Proposta individuale basata su forma, colore e tema visivo; da verificare in anteprima.";generated:basiceff-img_mirrordungeonintrude-images_nested_sheet
276;Ordine galattico;Status (Immunità da Status);Status / danno fisso;Voider #110;;Da creare;;;;"Da reperire un VFX distinto; l’eventuale effetto generico nel gioco non conta come assegnazione.";
