ID_Mossa;Nome_Mossa;Tipo;Dadi_lvl_5;Dadi_lvl_6;Dadi_lvl_7;Dadi_lvl_8;Dadi_lvl_9;Dadi_lvl_10;Dadi_lvl_11;Dadi_lvl_12;Dadi_lvl_13;Dadi_lvl_14;Dadi_lvl_15;Dadi_lvl_16;Dadi_lvl_17;Dadi_lvl_18;Dadi_lvl_19;Dadi_lvl_20;Dadi_lvl_21;Dadi_lvl_22;Dadi_lvl_23;Dadi_lvl_24;Dadi_lvl_25;Dadi_lvl_26;Dadi_lvl_27;Dadi_lvl_28;Dadi_lvl_29;Dadi_lvl_30;Dadi_lvl_31;Dadi_lvl_32;Dadi_lvl_33;Dadi_lvl_34;Dadi_lvl_35;Dadi_lvl_36;Dadi_lvl_37;Dadi_lvl_38;Dadi_lvl_39;Dadi_lvl_40;Dadi_lvl_41;Dadi_lvl_42;Dadi_lvl_43;Dadi_lvl_44;Dadi_lvl_45;Dadi_lvl_46;Dadi_lvl_47;Dadi_lvl_48;Dadi_lvl_49;Dadi_lvl_50;Dadi_lvl_51;Dadi_lvl_52;Dadi_lvl_53;Dadi_lvl_54;Dadi_lvl_55;Dadi_lvl_56;Dadi_lvl_57;Dadi_lvl_58;Dadi_lvl_59;Dadi_lvl_60;Dadi_lvl_61;Dadi_lvl_62;Dadi_lvl_63;Dadi_lvl_64;Dadi_lvl_65;Dadi_lvl_66;Dadi_lvl_67;Dadi_lvl_68;Dadi_lvl_69;Dadi_lvl_70;Dadi_lvl_71;Dadi_lvl_72;Dadi_lvl_73;Dadi_lvl_74;Dadi_lvl_75;Dadi_lvl_76;Dadi_lvl_77;Dadi_lvl_78;Dadi_lvl_79;Dadi_lvl_80;Dadi_lvl_81;Dadi_lvl_82;Dadi_lvl_83;Dadi_lvl_84;Dadi_lvl_85;Dadi_lvl_86;Dadi_lvl_87;Dadi_lvl_88;Dadi_lvl_89;Dadi_lvl_90;Dadi_lvl_91;Dadi_lvl_92;Dadi_lvl_93;Dadi_lvl_94;Dadi_lvl_95;Dadi_lvl_96;Dadi_lvl_97;Dadi_lvl_98;Dadi_lvl_99;Dadi_lvl_100;Incremento_lvl_5;Incremento_lvl_6;Incremento_lvl_7;Incremento_lvl_8;Incremento_lvl_9;Incremento_lvl_10;Incremento_lvl_11;Incremento_lvl_12;Incremento_lvl_13;Incremento_lvl_14;Incremento_lvl_15;Incremento_lvl_16;Incremento_lvl_17;Incremento_lvl_18;Incremento_lvl_19;Incremento_lvl_20;Incremento_lvl_21;Incremento_lvl_22;Incremento_lvl_23;Incremento_lvl_24;Incremento_lvl_25;Incremento_lvl_26;Incremento_lvl_27;Incremento_lvl_28;Incremento_lvl_29;Incremento_lvl_30;Incremento_lvl_31;Incremento_lvl_32;Incremento_lvl_33;Incremento_lvl_34;Incremento_lvl_35;Incremento_lvl_36;Incremento_lvl_37;Incremento_lvl_38;Incremento_lvl_39;Incremento_lvl_40;Incremento_lvl_41;Incremento_lvl_42;Incremento_lvl_43;Incremento_lvl_44;Incremento_lvl_45;Incremento_lvl_46;Incremento_lvl_47;Incremento_lvl_48;Incremento_lvl_49;Incremento_lvl_50;Incremento_lvl_51;Incremento_lvl_52;Incremento_lvl_53;Incremento_lvl_54;Incremento_lvl_55;Incremento_lvl_56;Incremento_lvl_57;Incremento_lvl_58;Incremento_lvl_59;Incremento_lvl_60;Incremento_lvl_61;Incremento_lvl_62;Incremento_lvl_63;Incremento_lvl_64;Incremento_lvl_65;Incremento_lvl_66;Incremento_lvl_67;Incremento_lvl_68;Incremento_lvl_69;Incremento_lvl_70;Incremento_lvl_71;Incremento_lvl_72;Incremento_lvl_73;Incremento_lvl_74;Incremento_lvl_75;Incremento_lvl_76;Incremento_lvl_77;Incremento_lvl_78;Incremento_lvl_79;Incremento_lvl_80;Incremento_lvl_81;Incremento_lvl_82;Incremento_lvl_83;Incremento_lvl_84;Incremento_lvl_85;Incremento_lvl_86;Incremento_lvl_87;Incremento_lvl_88;Incremento_lvl_89;Incremento_lvl_90;Incremento_lvl_91;Incremento_lvl_92;Incremento_lvl_93;Incremento_lvl_94;Incremento_lvl_95;Incremento_lvl_96;Incremento_lvl_97;Incremento_lvl_98;Incremento_lvl_99;Incremento_lvl_100;Effetto;Valore_Effetto
1;Soffio;Normale;1;1;1;1;1;2;2;2;2;2;3;3;3;3;3;4;4;4;4;4;5;5;5;5;5;6;6;6;6;6;7;7;7;7;7;8;8;8;8;8;9;9;9;9;9;10;10;10;10;10;11;11;11;11;11;12;12;12;12;12;13;13;13;13;13;14;14;14;14;14;15;15;15;15;15;16;16;16;16;16;17;17;17;17;17;18;18;18;18;18;19;19;19;19;19;20;1;1;1;1;1;2;2;2;2;2;3;3;3;3;3;4;4;4;4;4;5;5;5;5;5;6;6;6;6;6;7;7;7;7;7;8;8;8;8;8;9;9;9;9;9;10;10;10;10;10;11;11;11;11;11;12;12;12;12;12;13;13;13;13;13;14;14;14;14;14;15;15;15;15;15;16;16;16;16;16;17;17;17;17;17;18;18;18;18;18;19;19;19;19;19;20;;
2;Assalto;Normale;0;0;0;0;0;0;0;0;0;0;3;3;3;3;3;3;3;3;3;3;4;4;4;4;4;4;4;4;4;4;5;5;5;5;5;5;5;5;5;5;6;6;6;6;6;6;6;6;6;6;7;7;7;7;7;7;7;7;7;7;8;8;8;8;8;8;8;8;8;8;9;9;9;9;9;9;9;9;9;9;10;10;10;10;10;10;10;10;10;10;11;11;11;11;11;11;0;0;0;0;0;0;0;0;0;0;1;1;1;1;1;1;1;2;2;2;2;2;2;2;3;3;3;3;3;3;3;4;4;4;4;4;4;4;5;5;5;5;5;5;5;6;6;6;6;6;6;6;7;7;7;7;7;7;7;8;8;8;8;8;8;8;9;9;9;9;9;9;9;10;10;10;10;10;10;10;11;11;11;11;11;11;11;12;12;12;12;12;12;12;13;13;;
3;Impatto verticale;Normale;0;0;0;0;0;0;0;0;0;0;0;0;0;0;0;0;0;0;0;0;0;0;0;0;0;0;0;0;0;0;5;5;5;5;5;5;5;5;5;5;6;6;6;6;6;6;6;6;6;6;7;7;7;7;7;7;7;7;7;7;8;8;8;8;8;8;8;8;8;8;9;9;9;9;9;9;9;9;9;9;10;10;10;10;10;10;10;10;10;10;11;11;11;11;11;11;0;0;0;0;0;0;0;0;0;0;0;0;0;0;0;0;0;0;0;0;0;0;0;0;0;0;0;0;0;0;0;0;0;0;0;0;0;0;0;0;0;0;0;0;0;0;0;0;0;0;0;0;0;0;0;0;0;0;0;0;0;0;0;0;0;0;0;0;0;0;0;0;0;0;0;0;0;0;0;0;0;0;0;0;0;0;0;0;0;0;0;0;0;0;0;0;;
4;Carica ossidrica;Normale;0;0;0;0;0;0;0;0;0;0;0;0;0;0;0;0;0;0;0;0;0;0;0;0;0;0;0;0;0;0;0;0;0;0;0;0;0;0;0;0;0;0;0;0;0;0;0;0;0;0;7;7;7;7;7;7;7;7;7;7;7;7;7;7;7;8;8;8;8;8;8;8;8;8;8;8;8;8;8;8;9;9;9;9;9;9;9;9;9;9;9;9;9;9;9;10;0;0;0;0;0;0;0;0;0;0;0;0;0;0;0;0;0;0;0;0;0;0;0;0;0;0;0;0;0;0;0;0;0;0;0;0;0;0;0;0;0;0;0;0;0;0;0;0;0;0;1;1;1;1;1;1;2;2;2;2;2;2;3;3;3;3;3;3;4;4;4;4;4;4;5;5;5;5;5;5;6;6;6;6;6;6;7;7;7;7;7;7;8;8;8;8;;
5;Voltaggio;Elettro;1;1;1;1;1;1;1;2;2;2;2;2;2;2;3;3;3;3;3;3;3;4;4;4;4;4;4;4;5;5;5;5;5;5;5;6;6;6;6;6;6;6;7;7;7;7;7;7;7;8;8;8;8;8;8;8;9;9;9;9;9;9;9;10;10;10;10;10;10;10;11;11;11;11;11;11;11;12;12;12;12;12;12;12;13;13;13;13;13;13;13;14;14;14;14;14;1;1;1;1;1;1;2;2;2;2;2;2;3;3;3;3;3;3;4;4;4;4;4;4;5;5;5;5;5;5;6;6;6;6;6;6;7;7;7;7;7;7;8;8;8;8;8;8;9;9;9;9;9;9;10;10;10;10;10;10;11;11;11;11;11;11;12;12;12;12;12;12;13;13;13;13;13;13;14;14;14;14;14;14;15;15;15;15;15;15;16;16;16;16;16;16;;
6;Alta tensione;Elettro;0;0;0;0;0;0;0;0;0;0;0;0;0;0;3;3;3;3;3;3;3;3;3;3;3;4;4;4;4;4;4;4;4;4;4;4;5;5;5;5;5;5;5;5;5;5;5;6;6;6;6;6;6;6;6;6;6;6;7;7;7;7;7;7;7;7;7;7;7;8;8;8;8;8;8;8;8;8;8;8;9;9;9;9;9;9;9;9;9;9;9;10;10;10;10;10;0;0;0;0;0;0;0;0;0;0;0;0;0;0;1;1;1;1;1;1;1;1;2;2;2;2;2;2;2;2;3;3;3;3;3;3;3;3;4;4;4;4;4;4;4;4;5;5;5;5;5;5;5;5;6;6;6;6;6;6;6;6;7;7;7;7;7;7;7;7;8;8;8;8;8;8;8;8;9;9;9;9;9;9;9;9;10;10;10;10;10;10;10;10;11;11;;
7;Stormo di fulmini;Elettro;0;0;0;0;0;0;0;0;0;0;0;0;0;0;0;0;0;0;0;0;0;0;0;0;0;0;0;0;0;0;0;0;0;0;0;5;5;5;5;5;5;5;5;5;5;5;5;5;5;5;6;6;6;6;6;6;6;6;6;6;6;6;6;6;6;7;7;7;7;7;7;7;7;7;7;7;7;7;7;7;8;8;8;8;8;8;8;8;8;8;8;8;8;8;8;9;0;0;0;0;0;0;0;0;0;0;0;0;0;0;0;0;0;0;0;0;0;0;0;0;0;0;0;0;0;0;0;0;0;0;0;0;0;0;0;1;1;1;1;2;2;2;2;3;3;3;3;4;4;4;4;5;5;5;5;6;6;6;6;7;7;7;7;8;8;8;8;9;9;9;9;10;10;10;10;11;11;11;11;12;12;12;12;13;13;13;13;14;14;14;14;15;;
8;Nevischio;Acqua;1;1;1;1;1;1;1;2;2;2;2;2;2;2;3;3;3;3;3;3;3;4;4;4;4;4;4;4;5;5;5;5;5;5;5;6;6;6;6;6;6;6;7;7;7;7;7;7;7;8;8;8;8;8;8;8;9;9;9;9;9;9;9;10;10;10;10;10;10;10;11;11;11;11;11;11;11;12;12;12;12;12;12;12;13;13;13;13;13;13;13;14;14;14;14;14;1;1;1;1;2;2;2;2;3;3;3;3;4;4;4;4;5;5;5;5;6;6;6;6;7;7;7;7;8;8;8;8;9;9;9;9;10;10;10;10;11;11;11;11;12;12;12;12;13;13;13;13;14;14;14;14;15;15;15;15;16;16;16;16;17;17;17;17;18;18;18;18;19;19;19;19;20;20;20;20;21;21;21;21;22;22;22;22;23;23;23;23;24;24;24;24;;
9;Valanga;Acqua;0;0;0;0;0;0;0;0;0;0;0;0;0;0;4;4;4;4;4;4;4;4;4;4;4;5;5;5;5;5;5;5;5;5;5;5;6;6;6;6;6;6;6;6;6;6;6;7;7;7;7;7;7;7;7;7;7;7;8;8;8;8;8;8;8;8;8;8;8;9;9;9;9;9;9;9;9;9;9;9;10;10;10;10;10;10;10;10;10;10;10;11;11;11;11;11;0;0;0;0;0;0;0;0;0;0;0;0;0;0;2;2;2;3;3;3;4;4;4;5;5;5;6;6;6;7;7;7;8;8;8;9;9;9;10;10;10;11;11;11;12;12;12;13;13;13;14;14;14;15;15;15;16;16;16;17;17;17;18;18;18;19;19;19;20;20;20;21;21;21;22;22;22;23;23;23;24;24;24;25;25;25;26;26;26;27;27;27;28;28;28;29;;
10;Tormenta glaciale;Acqua;0;0;0;0;0;0;0;0;0;0;0;0;0;0;0;0;0;0;0;0;0;0;0;0;0;0;0;0;0;0;0;0;0;0;0;6;6;6;6;6;6;6;6;6;6;6;6;6;6;6;7;7;7;7;7;7;7;7;7;7;7;7;7;7;7;8;8;8;8;8;8;8;8;8;8;8;8;8;8;8;9;9;9;9;9;9;9;9;9;9;9;9;9;9;9;10;0;0;0;0;0;0;0;0;0;0;0;0;0;0;0;0;0;0;0;0;0;0;0;0;0;0;0;0;0;0;0;0;0;0;0;3;3;4;4;5;5;6;6;7;7;8;8;9;9;10;10;11;11;12;12;13;13;14;14;15;15;16;16;17;17;18;18;19;19;20;20;21;21;22;22;23;23;24;24;25;25;26;26;27;27;28;28;29;29;30;30;31;31;32;32;33;;
11;Lapillo;Terra;1;1;1;1;1;1;1;2;2;2;2;2;2;2;3;3;3;3;3;3;3;4;4;4;4;4;4;4;5;5;5;5;5;5;5;6;6;6;6;6;6;6;7;7;7;7;7;7;7;8;8;8;8;8;8;8;9;9;9;9;9;9;9;10;10;10;10;10;10;10;11;11;11;11;11;11;11;12;12;12;12;12;12;12;13;13;13;13;13;13;13;14;14;14;14;14;1;1;1;1;1;2;2;2;2;2;3;3;3;3;3;4;4;4;4;4;5;5;5;5;5;6;6;6;6;6;7;7;7;7;7;8;8;8;8;8;9;9;9;9;9;10;10;10;10;10;11;11;11;11;11;12;12;12;12;12;13;13;13;13;13;14;14;14;14;14;15;15;15;15;15;16;16;16;16;16;17;17;17;17;17;18;18;18;18;18;19;19;19;19;19;20;;
12;Roccia fusa;Terra;3;3;3;3;3;3;3;3;3;3;3;3;3;3;3;3;3;3;3;3;3;3;3;3;3;3;3;3;3;3;3;3;3;3;3;3;3;3;3;3;3;3;3;3;3;3;3;3;3;3;3;3;3;3;3;3;3;3;3;3;3;3;3;3;3;3;3;3;3;3;3;3;3;3;3;3;3;3;3;3;3;3;3;3;3;3;3;3;3;3;3;3;3;3;3;3;0;0;0;0;0;0;0;0;0;0;0;0;0;0;0;0;0;0;0;0;0;1;1;1;1;1;1;1;2;2;2;2;2;2;2;3;3;3;3;3;3;3;4;4;4;4;4;4;4;5;5;5;5;5;5;5;6;6;6;6;6;6;6;7;7;7;7;7;7;7;8;8;8;8;8;8;8;9;9;9;9;9;9;9;10;10;10;10;10;10;10;11;11;11;11;11;;
13;Cratere;Terra;0;0;0;0;0;0;0;0;0;0;0;0;0;0;0;0;0;0;0;0;0;0;0;0;0;0;0;0;0;0;0;0;0;0;0;4;4;4;4;4;4;4;4;4;4;4;4;4;4;4;4;4;4;4;4;4;5;5;5;5;5;5;5;5;5;5;5;5;5;5;5;5;5;5;5;5;5;6;6;6;6;6;6;6;6;6;6;6;6;6;6;6;6;6;6;6;0;0;0;0;0;0;0;0;0;0;0;0;0;0;0;0;0;0;0;0;0;0;0;0;0;0;0;0;0;0;0;0;0;0;0;1;1;1;1;1;1;2;2;2;2;2;2;3;3;3;3;3;3;4;4;4;4;4;4;5;5;5;5;5;5;6;6;6;6;6;6;7;7;7;7;7;7;8;8;8;8;8;8;9;9;9;9;9;9;10;10;10;10;10;10;11;;
14;Conduttore;Elettro;1;1;1;1;1;1;1;2;2;2;2;2;2;2;3;3;3;3;3;3;3;4;4;4;4;4;4;4;5;5;5;5;5;5;5;6;6;6;6;6;6;6;7;7;7;7;7;7;7;8;8;8;8;8;8;8;9;9;9;9;9;9;9;10;10;10;10;10;10;10;11;11;11;11;11;11;11;12;12;12;12;12;12;12;13;13;13;13;13;13;13;14;14;14;14;14;1;1;1;1;1;1;1;1;2;2;2;2;2;2;2;2;3;3;3;3;3;3;3;3;4;4;4;4;4;4;4;4;5;5;5;5;5;5;5;5;6;6;6;6;6;6;6;6;7;7;7;7;7;7;7;7;8;8;8;8;8;8;8;8;9;9;9;9;9;9;9;9;10;10;10;10;10;10;10;10;11;11;11;11;11;11;11;11;12;12;12;12;12;12;12;12;;
15;Circuito chiuso;Elettro;0;0;0;0;0;0;0;0;0;0;0;0;0;0;0;0;0;0;0;0;0;4;4;4;4;4;4;4;4;4;4;4;4;4;4;4;4;4;4;5;5;5;5;5;5;5;5;5;5;5;5;5;5;5;5;5;5;6;6;6;6;6;6;6;6;6;6;6;6;6;6;6;6;6;6;7;7;7;7;7;7;7;7;7;7;7;7;7;7;7;7;7;7;8;8;8;0;0;0;0;0;0;0;0;0;0;0;0;0;0;0;0;0;0;0;0;0;0;0;0;0;0;0;0;1;1;1;1;1;1;1;2;2;2;2;2;2;2;3;3;3;3;3;3;3;4;4;4;4;4;4;4;5;5;5;5;5;5;5;6;6;6;6;6;6;6;7;7;7;7;7;7;7;8;8;8;8;8;8;8;9;9;9;9;9;9;9;10;10;10;10;10;;
16;Sprint;Normale;1;1;1;1;1;1;1;2;2;2;2;2;2;2;3;3;3;3;3;3;3;4;4;4;4;4;4;4;5;5;5;5;5;5;5;6;6;6;6;6;6;6;7;7;7;7;7;7;7;8;8;8;8;8;8;8;9;9;9;9;9;9;9;10;10;10;10;10;10;10;11;11;11;11;11;11;11;12;12;12;12;12;12;12;13;13;13;13;13;13;13;14;14;14;14;14;1;1;1;1;1;1;1;1;2;2;2;2;2;2;2;2;3;3;3;3;3;3;3;3;4;4;4;4;4;4;4;4;5;5;5;5;5;5;5;5;6;6;6;6;6;6;6;6;7;7;7;7;7;7;7;7;8;8;8;8;8;8;8;8;9;9;9;9;9;9;9;9;10;10;10;10;10;10;10;10;11;11;11;11;11;11;11;11;12;12;12;12;12;12;12;12;;
17;Scatto;Normale;0;0;0;0;0;0;0;0;0;0;0;0;0;0;0;0;0;0;0;0;0;4;4;4;4;4;4;4;4;4;4;4;4;4;4;4;4;4;4;5;5;5;5;5;5;5;5;5;5;5;5;5;5;5;5;5;5;6;6;6;6;6;6;6;6;6;6;6;6;6;6;6;6;6;6;7;7;7;7;7;7;7;7;7;7;7;7;7;7;7;7;7;7;8;8;8;0;0;0;0;0;0;0;0;0;0;0;0;0;0;0;0;0;0;0;0;0;0;0;0;0;0;0;0;1;1;1;1;1;1;1;2;2;2;2;2;2;2;3;3;3;3;3;3;3;4;4;4;4;4;4;4;5;5;5;5;5;5;5;6;6;6;6;6;6;6;7;7;7;7;7;7;7;8;8;8;8;8;8;8;9;9;9;9;9;9;9;10;10;10;10;10;;
18;Elettroscontro;Elettro;1;1;1;1;1;1;1;2;2;2;2;2;2;2;3;3;3;3;3;3;3;4;4;4;4;4;4;4;5;5;5;5;5;5;5;6;6;6;6;6;6;6;7;7;7;7;7;7;7;8;8;8;8;8;8;8;9;9;9;9;9;9;9;10;10;10;10;10;10;10;11;11;11;11;11;11;11;12;12;12;12;12;12;12;13;13;13;13;13;13;13;14;14;14;14;14;1;1;1;1;2;2;2;2;3;3;3;3;4;4;4;4;5;5;5;5;6;6;6;6;7;7;7;7;8;8;8;8;9;9;9;9;10;10;10;10;11;11;11;11;12;12;12;12;13;13;13;13;14;14;14;14;15;15;15;15;16;16;16;16;17;17;17;17;18;18;18;18;19;19;19;19;20;20;20;20;21;21;21;21;22;22;22;22;23;23;23;23;24;24;24;24;;
19;Elettrocarica;Elettro;0;0;0;0;0;0;0;0;0;0;0;0;0;0;0;0;0;0;0;0;0;4;4;4;4;4;4;4;4;4;4;4;4;5;5;5;5;5;5;5;5;5;5;5;5;6;6;6;6;6;6;6;6;6;6;6;6;7;7;7;7;7;7;7;7;7;7;7;7;8;8;8;8;8;8;8;8;8;8;8;8;9;9;9;9;9;9;9;9;9;9;9;9;10;10;10;0;0;0;0;0;0;0;0;0;0;0;0;0;0;0;0;0;0;0;0;0;4;4;4;4;5;5;5;5;6;6;6;6;7;7;7;7;8;8;8;8;9;9;9;9;10;10;10;10;11;11;11;11;12;12;12;12;13;13;13;13;14;14;14;14;15;15;15;15;16;16;16;16;17;17;17;17;18;18;18;18;19;19;19;19;20;20;20;20;21;21;21;21;22;22;22;;
20;Spruzzo;Acqua;1;1;1;1;1;1;1;2;2;2;2;2;2;2;3;3;3;3;3;3;3;4;4;4;4;4;4;4;5;5;5;5;5;5;5;6;6;6;6;6;6;6;7;7;7;7;7;7;7;8;8;8;8;8;8;8;9;9;9;9;9;9;9;10;10;10;10;10;10;10;11;11;11;11;11;11;11;12;12;12;12;12;12;12;13;13;13;13;13;13;13;14;14;14;14;14;1;1;1;2;2;2;3;3;3;4;4;4;5;5;5;6;6;6;7;7;7;8;8;8;9;9;9;10;10;10;11;11;11;12;12;12;13;13;13;14;14;14;15;15;15;16;16;16;17;17;17;18;18;18;19;19;19;20;20;20;21;21;21;22;22;22;23;23;23;24;24;24;25;25;25;26;26;26;27;27;27;28;28;28;29;29;29;30;30;30;31;31;31;32;32;32;;
21;Alta marea;Acqua;0;0;0;0;0;0;0;0;0;0;0;0;0;0;0;0;0;0;0;0;0;4;4;4;4;4;4;4;4;4;4;4;4;5;5;5;5;5;5;5;5;5;5;5;5;6;6;6;6;6;6;6;6;6;6;6;6;7;7;7;7;7;7;7;7;7;7;7;7;8;8;8;8;8;8;8;8;8;8;8;8;9;9;9;9;9;9;9;9;9;9;9;9;10;10;10;0;0;0;0;0;0;0;0;0;0;0;0;0;0;0;0;0;0;0;0;0;4;4;4;4;5;5;5;5;6;6;6;6;7;7;7;7;8;8;8;8;9;9;9;9;10;10;10;10;11;11;11;11;12;12;12;12;13;13;13;13;14;14;14;14;15;15;15;15;16;16;16;16;17;17;17;17;18;18;18;18;19;19;19;19;20;20;20;20;21;21;21;21;22;22;22;;
22;Spavento;Psico;1;1;1;1;1;1;1;1;1;1;1;2;2;2;2;2;2;2;2;2;2;2;3;3;3;3;3;3;3;3;3;3;3;4;4;4;4;4;4;4;4;4;4;4;5;5;5;5;5;5;5;5;5;5;5;6;6;6;6;6;6;6;6;6;6;6;7;7;7;7;7;7;7;7;7;7;7;8;8;8;8;8;8;8;8;8;8;8;9;9;9;9;9;9;9;9;1;1;1;1;1;1;1;2;2;2;2;2;2;3;3;3;3;3;3;4;4;4;4;4;4;5;5;5;5;5;5;6;6;6;6;6;6;7;7;7;7;7;7;8;8;8;8;8;8;9;9;9;9;9;9;10;10;10;10;10;10;11;11;11;11;11;11;12;12;12;12;12;12;13;13;13;13;13;13;14;14;14;14;14;14;15;15;15;15;15;15;16;16;16;16;16;;
23;Terrore;Psico;0;0;0;0;0;0;0;0;0;0;0;0;0;0;0;0;0;0;0;0;0;3;3;3;3;3;3;3;3;3;3;3;3;3;3;3;3;3;3;3;3;3;3;3;3;4;4;4;4;4;4;4;4;4;4;4;4;4;4;4;4;4;4;4;4;4;4;4;4;5;5;5;5;5;5;5;5;5;5;5;5;5;5;5;5;5;5;5;5;5;5;5;5;6;6;6;0;0;0;0;0;0;0;0;0;0;0;0;0;0;0;0;0;0;0;0;0;1;1;1;1;1;1;1;2;2;2;2;2;2;2;3;3;3;3;3;3;3;4;4;4;4;4;4;4;5;5;5;5;5;5;5;6;6;6;6;6;6;6;7;7;7;7;7;7;7;8;8;8;8;8;8;8;9;9;9;9;9;9;9;10;10;10;10;10;10;10;11;11;11;11;11;;
24;Paradosso;Psico;1;1;1;1;1;1;1;1;1;1;1;1;1;2;2;2;2;2;2;2;2;2;2;2;2;3;3;3;3;3;3;3;3;3;3;3;3;4;4;4;4;4;4;4;4;4;4;4;4;5;5;5;5;5;5;5;5;5;5;5;5;6;6;6;6;6;6;6;6;6;6;6;6;7;7;7;7;7;7;7;7;7;7;7;7;8;8;8;8;8;8;8;8;8;8;8;1;1;1;1;1;1;2;2;2;2;2;2;3;3;3;3;3;3;4;4;4;4;4;4;5;5;5;5;5;5;6;6;6;6;6;6;7;7;7;7;7;7;8;8;8;8;8;8;9;9;9;9;9;9;10;10;10;10;10;10;11;11;11;11;11;11;12;12;12;12;12;12;13;13;13;13;13;13;14;14;14;14;14;14;15;15;15;15;15;15;16;16;16;16;16;16;;
25;Ultimo sangue;Normale;1;1;1;1;1;1;1;1;1;1;1;1;1;2;2;2;2;2;2;2;2;2;2;2;2;3;3;3;3;3;3;3;3;3;3;3;3;4;4;4;4;4;4;4;4;4;4;4;4;5;5;5;5;5;5;5;5;5;5;5;5;6;6;6;6;6;6;6;6;6;6;6;6;7;7;7;7;7;7;7;7;7;7;7;7;8;8;8;8;8;8;8;8;8;8;8;1;1;1;1;2;2;2;2;3;3;3;3;4;4;4;4;5;5;5;5;6;6;6;6;7;7;7;7;8;8;8;8;9;9;9;9;10;10;10;10;11;11;11;11;12;12;12;12;13;13;13;13;14;14;14;14;15;15;15;15;16;16;16;16;17;17;17;17;18;18;18;18;19;19;19;19;20;20;20;20;21;21;21;21;22;22;22;22;23;23;23;23;24;24;24;24;;
26;Arrembaggio;Acqua;1;1;1;1;1;1;1;1;1;1;2;2;2;2;2;2;2;2;2;2;3;3;3;3;3;3;3;3;3;3;4;4;4;4;4;4;4;4;4;4;5;5;5;5;5;5;5;5;5;5;6;6;6;6;6;6;6;6;6;6;7;7;7;7;7;7;7;7;7;7;8;8;8;8;8;8;8;8;8;8;9;9;9;9;9;9;9;9;9;9;10;10;10;10;10;10;0;1;1;1;1;2;2;2;2;3;3;3;3;4;4;4;4;5;5;5;5;6;6;6;6;7;7;7;7;8;8;8;8;9;9;9;9;10;10;10;10;11;11;11;11;12;12;12;12;13;13;13;13;14;14;14;14;15;15;15;15;16;16;16;16;17;17;17;17;18;18;18;18;19;19;19;19;20;20;20;20;21;21;21;21;22;22;22;22;23;23;23;23;24;24;24;;
27;Onda anomala;Acqua;1;1;1;1;1;1;1;1;1;1;1;1;1;1;1;1;1;1;1;2;2;2;2;2;2;2;2;2;2;2;2;2;2;2;2;2;2;2;3;3;3;3;3;3;3;3;3;3;3;3;3;3;3;3;3;3;3;4;4;4;4;4;4;4;4;4;4;4;4;4;4;4;4;4;4;4;5;5;5;5;5;5;5;5;5;5;5;5;5;5;5;5;5;5;5;6;0;1;1;1;1;1;1;2;2;2;2;2;2;3;3;3;3;3;3;4;4;4;4;4;4;5;5;5;5;5;5;6;6;6;6;6;6;7;7;7;7;7;7;8;8;8;8;8;8;9;9;9;9;9;9;10;10;10;10;10;10;11;11;11;11;11;11;12;12;12;12;12;12;13;13;13;13;13;13;14;14;14;14;14;14;15;15;15;15;15;15;16;16;16;16;16;;
28;Zampata;Oscuritŕ;1;1;1;1;1;2;2;2;2;2;3;3;3;3;3;4;4;4;4;4;5;5;5;5;5;6;6;6;6;6;7;7;7;7;7;8;8;8;8;8;9;9;9;9;9;10;10;10;10;10;11;11;11;11;11;12;12;12;12;12;13;13;13;13;13;14;14;14;14;14;15;15;15;15;15;16;16;16;16;16;17;17;17;17;17;18;18;18;18;18;19;19;19;19;19;20;1;1;1;1;1;2;2;2;2;2;3;3;3;3;3;4;4;4;4;4;5;5;5;5;5;6;6;6;6;6;7;7;7;7;7;8;8;8;8;8;9;9;9;9;9;10;10;10;10;10;11;11;11;11;11;12;12;12;12;12;13;13;13;13;13;14;14;14;14;14;15;15;15;15;15;16;16;16;16;16;17;17;17;17;17;18;18;18;18;18;19;19;19;19;19;20;;
29;Colpo felpato;Oscuritŕ;0;0;0;0;0;0;0;0;0;0;3;3;3;3;3;3;3;3;3;3;4;4;4;4;4;4;4;4;4;4;5;5;5;5;5;5;5;5;5;5;6;6;6;6;6;6;6;6;6;6;7;7;7;7;7;7;7;7;7;7;8;8;8;8;8;8;8;8;8;8;9;9;9;9;9;9;9;9;9;9;10;10;10;10;10;10;10;10;10;10;11;11;11;11;11;11;0;0;0;0;0;0;0;0;0;0;1;1;1;1;1;1;1;2;2;2;2;2;2;2;3;3;3;3;3;3;3;4;4;4;4;4;4;4;5;5;5;5;5;5;5;6;6;6;6;6;6;6;7;7;7;7;7;7;7;8;8;8;8;8;8;8;9;9;9;9;9;9;9;10;10;10;10;10;10;10;11;11;11;11;11;11;11;12;12;12;12;12;12;12;13;13;;
30;Artigli del terrore;Oscuritŕ;0;0;0;0;0;0;0;0;0;0;0;0;0;0;0;0;0;0;0;0;0;0;0;0;0;0;0;0;0;0;5;5;5;5;5;5;5;5;5;5;6;6;6;6;6;6;6;6;6;6;7;7;7;7;7;7;7;7;7;7;8;8;8;8;8;8;8;8;8;8;9;9;9;9;9;9;9;9;9;9;10;10;10;10;10;10;10;10;10;10;11;11;11;11;11;11;0;0;0;0;0;0;0;0;0;0;0;0;0;0;0;0;0;0;0;0;0;0;0;0;0;0;0;0;0;0;0;0;0;0;0;0;0;0;0;0;0;0;0;0;0;0;0;0;0;0;0;0;0;0;0;0;0;0;0;0;0;0;0;0;0;0;0;0;0;0;0;0;0;0;0;0;0;0;0;0;0;0;0;0;0;0;0;0;0;0;0;0;0;0;0;0;;
31;Abisso tenebroso;Oscuritŕ;0;0;0;0;0;0;0;0;0;0;0;0;0;0;0;0;0;0;0;0;0;0;0;0;0;0;0;0;0;0;0;0;0;0;0;0;0;0;0;0;0;0;0;0;0;0;0;0;0;0;7;7;7;7;7;7;7;7;7;7;7;7;7;7;7;8;8;8;8;8;8;8;8;8;8;8;8;8;8;8;9;9;9;9;9;9;9;9;9;9;9;9;9;9;9;10;0;0;0;0;0;0;0;0;0;0;0;0;0;0;0;0;0;0;0;0;0;0;0;0;0;0;0;0;0;0;0;0;0;0;0;0;0;0;0;0;0;0;0;0;0;0;0;0;0;0;1;1;1;1;1;1;2;2;2;2;2;2;3;3;3;3;3;3;4;4;4;4;4;4;5;5;5;5;5;5;6;6;6;6;6;6;7;7;7;7;7;7;8;8;8;8;;
32;Alito incandescente;Fuoco;1;1;1;1;1;1;1;2;2;2;2;2;2;2;3;3;3;3;3;3;3;4;4;4;4;4;4;4;5;5;5;5;5;5;5;6;6;6;6;6;6;6;7;7;7;7;7;7;7;8;8;8;8;8;8;8;9;9;9;9;9;9;9;10;10;10;10;10;10;10;11;11;11;11;11;11;11;12;12;12;12;12;12;12;13;13;13;13;13;13;13;14;14;14;14;14;1;1;1;1;1;1;1;2;2;2;2;2;2;2;3;3;3;3;3;3;3;4;4;4;4;4;4;4;5;5;5;5;5;5;5;6;6;6;6;6;6;6;7;7;7;7;7;7;7;8;8;8;8;8;8;8;9;9;9;9;9;9;9;10;10;10;10;10;10;10;11;11;11;11;11;11;11;12;12;12;12;12;12;12;13;13;13;13;13;13;13;14;14;14;14;14;;
33;Sbuffo magmatico;Fuoco;0;0;0;0;0;0;0;0;0;0;0;0;0;0;3;3;3;3;3;3;3;3;3;3;3;4;4;4;4;4;4;4;4;4;4;4;5;5;5;5;5;5;5;5;5;5;5;6;6;6;6;6;6;6;6;6;6;6;7;7;7;7;7;7;7;7;7;7;7;8;8;8;8;8;8;8;8;8;8;8;9;9;9;9;9;9;9;9;9;9;9;10;10;10;10;10;0;0;0;0;0;0;0;0;0;0;0;0;0;0;1;1;1;1;1;1;2;2;2;2;2;2;3;3;3;3;3;3;4;4;4;4;4;4;5;5;5;5;5;5;6;6;6;6;6;6;7;7;7;7;7;7;8;8;8;8;8;8;9;9;9;9;9;9;10;10;10;10;10;10;11;11;11;11;11;11;12;12;12;12;12;12;13;13;13;13;13;13;14;14;14;14;;
34;Soffio lavico;Fuoco;0;0;0;0;0;0;0;0;0;0;0;0;0;0;0;0;0;0;0;0;0;0;0;0;0;0;0;0;0;0;0;0;0;0;0;5;5;5;5;5;5;5;5;5;5;5;5;5;5;5;6;6;6;6;6;6;6;6;6;6;6;6;6;6;6;7;7;7;7;7;7;7;7;7;7;7;7;7;7;7;8;8;8;8;8;8;8;8;8;8;8;8;8;8;8;9;0;0;0;0;0;0;0;0;0;0;0;0;0;0;0;0;0;0;0;0;0;0;0;0;0;0;0;0;0;0;0;0;0;0;0;0;0;0;0;1;1;1;1;2;2;2;2;3;3;3;3;4;4;4;4;5;5;5;5;6;6;6;6;7;7;7;7;8;8;8;8;9;9;9;9;10;10;10;10;11;11;11;11;12;12;12;12;13;13;13;13;14;14;14;14;15;;
35;Mani brucianti;Fuoco;1;1;1;1;1;1;1;2;2;2;2;2;2;2;3;3;3;3;3;3;3;4;4;4;4;4;4;4;5;5;5;5;5;5;5;6;6;6;6;6;6;6;7;7;7;7;7;7;7;8;8;8;8;8;8;8;9;9;9;9;9;9;9;10;10;10;10;10;10;10;11;11;11;11;11;11;11;12;12;12;12;12;12;12;13;13;13;13;13;13;13;14;14;14;14;14;1;1;1;1;2;2;2;2;3;3;3;3;4;4;4;4;5;5;5;5;6;6;6;6;7;7;7;7;8;8;8;8;9;9;9;9;10;10;10;10;11;11;11;11;12;12;12;12;13;13;13;13;14;14;14;14;15;15;15;15;16;16;16;16;17;17;17;17;18;18;18;18;19;19;19;19;20;20;20;20;21;21;21;21;22;22;22;22;23;23;23;23;24;24;24;24;;
36;Palla di fuoco;Fuoco;0;0;0;0;0;0;0;0;0;0;0;0;0;0;4;4;4;4;4;4;4;4;4;4;4;5;5;5;5;5;5;5;5;5;5;5;6;6;6;6;6;6;6;6;6;6;6;7;7;7;7;7;7;7;7;7;7;7;8;8;8;8;8;8;8;8;8;8;8;9;9;9;9;9;9;9;9;9;9;9;10;10;10;10;10;10;10;10;10;10;10;11;11;11;11;11;0;0;0;0;0;0;0;0;0;0;0;0;0;0;2;2;2;3;3;3;4;4;4;5;5;5;6;6;6;7;7;7;8;8;8;9;9;9;10;10;10;11;11;11;12;12;12;13;13;13;14;14;14;15;15;15;16;16;16;17;17;17;18;18;18;19;19;19;20;20;20;21;21;21;22;22;22;23;23;23;24;24;24;25;25;25;26;26;26;27;27;27;28;28;28;29;;
37;Ardemonio;Fuoco;0;0;0;0;0;0;0;0;0;0;0;0;0;0;0;0;0;0;0;0;0;0;0;0;0;0;0;0;0;0;0;0;0;0;0;6;6;6;6;6;6;6;6;6;6;6;6;6;6;6;7;7;7;7;7;7;7;7;7;7;7;7;7;7;7;8;8;8;8;8;8;8;8;8;8;8;8;8;8;8;9;9;9;9;9;9;9;9;9;9;9;9;9;9;9;10;0;0;0;0;0;0;0;0;0;0;0;0;0;0;0;0;0;0;0;0;0;0;0;0;0;0;0;0;0;0;0;0;0;0;0;3;3;3;4;4;4;5;5;5;6;6;6;7;7;7;8;8;8;9;9;9;10;10;10;11;11;11;12;12;12;13;13;13;14;14;14;15;15;15;16;16;16;17;17;17;18;18;18;19;19;19;20;20;20;21;21;21;22;22;22;23;;
38;Scossa;Elettro;1;1;1;1;1;1;1;2;2;2;2;2;2;2;3;3;3;3;3;3;3;4;4;4;4;4;4;4;5;5;5;5;5;5;5;6;6;6;6;6;6;6;7;7;7;7;7;7;7;8;8;8;8;8;8;8;9;9;9;9;9;9;9;10;10;10;10;10;10;10;11;11;11;11;11;11;11;12;12;12;12;12;12;12;13;13;13;13;13;13;13;14;14;14;14;14;1;1;1;1;1;1;2;2;2;2;2;2;3;3;3;3;3;3;4;4;4;4;4;4;5;5;5;5;5;5;6;6;6;6;6;6;7;7;7;7;7;7;8;8;8;8;8;8;9;9;9;9;9;9;10;10;10;10;10;10;11;11;11;11;11;11;12;12;12;12;12;12;13;13;13;13;13;13;14;14;14;14;14;14;15;15;15;15;15;15;16;16;16;16;16;16;;
39;Lampo;Elettro;3;3;3;3;3;3;3;3;3;3;3;3;3;3;3;3;3;3;3;3;3;3;3;3;3;3;3;3;3;3;3;3;3;3;3;3;3;3;3;3;3;3;3;3;3;3;3;3;3;3;3;3;3;3;3;3;3;3;3;3;3;3;3;3;3;3;3;3;3;3;3;3;3;3;3;3;3;3;3;3;3;3;3;3;3;3;3;3;3;3;3;3;3;3;3;3;0;0;0;0;0;0;0;0;0;0;0;0;0;0;0;0;0;0;0;0;0;1;1;1;1;1;1;1;2;2;2;2;2;2;2;3;3;3;3;3;3;3;4;4;4;4;4;4;4;5;5;5;5;5;5;5;6;6;6;6;6;6;6;7;7;7;7;7;7;7;8;8;8;8;8;8;8;9;9;9;9;9;9;9;10;10;10;10;10;10;10;11;11;11;11;11;;
40;Lotta tonante;Elettro;0;0;0;0;0;0;0;0;0;0;0;0;0;0;0;0;0;0;0;0;0;0;0;0;0;0;0;0;0;0;0;0;0;0;0;4;4;4;4;4;4;4;4;4;4;4;4;4;4;4;4;4;4;4;4;4;5;5;5;5;5;5;5;5;5;5;5;5;5;5;5;5;5;5;5;5;5;6;6;6;6;6;6;6;6;6;6;6;6;6;6;6;6;6;6;6;0;0;0;0;0;0;0;0;0;0;0;0;0;0;0;0;0;0;0;0;0;0;0;0;0;0;0;0;0;0;0;0;0;0;0;1;1;1;1;1;2;2;2;2;2;3;3;3;3;3;4;4;4;4;4;5;5;5;5;5;6;6;6;6;6;7;7;7;7;7;8;8;8;8;8;9;9;9;9;9;10;10;10;10;10;11;11;11;11;11;12;12;12;12;12;13;;
41;Fioritura;Erba;1;1;1;1;1;1;1;2;2;2;2;2;2;2;3;3;3;3;3;3;3;4;4;4;4;4;4;4;5;5;5;5;5;5;5;6;6;6;6;6;6;6;7;7;7;7;7;7;7;8;8;8;8;8;8;8;9;9;9;9;9;9;9;10;10;10;10;10;10;10;11;11;11;11;11;11;11;12;12;12;12;12;12;12;13;13;13;13;13;13;13;14;14;14;14;14;1;1;1;1;1;1;1;1;2;2;2;2;2;2;2;2;3;3;3;3;3;3;3;3;4;4;4;4;4;4;4;4;5;5;5;5;5;5;5;5;6;6;6;6;6;6;6;6;7;7;7;7;7;7;7;7;8;8;8;8;8;8;8;8;9;9;9;9;9;9;9;9;10;10;10;10;10;10;10;10;11;11;11;11;11;11;11;11;12;12;12;12;12;12;12;12;;
42;Florilegio letale;Erba;0;0;0;0;0;0;0;0;0;0;0;0;0;0;0;0;0;0;0;0;0;4;4;4;4;4;4;4;4;4;4;4;4;4;4;4;4;4;4;5;5;5;5;5;5;5;5;5;5;5;5;5;5;5;5;5;5;6;6;6;6;6;6;6;6;6;6;6;6;6;6;6;6;6;6;7;7;7;7;7;7;7;7;7;7;7;7;7;7;7;7;7;7;8;8;8;0;0;0;0;0;0;0;0;0;0;0;0;0;0;0;0;0;0;0;0;0;0;0;0;0;0;0;1;1;1;1;1;1;2;2;2;2;2;2;3;3;3;3;3;3;4;4;4;4;4;4;5;5;5;5;5;5;6;6;6;6;6;6;7;7;7;7;7;7;8;8;8;8;8;8;9;9;9;9;9;9;10;10;10;10;10;10;11;11;11;11;11;11;12;12;12;;
43;Controllo mentale;Psico;1;1;1;1;1;1;1;2;2;2;2;2;2;2;3;3;3;3;3;3;3;4;4;4;4;4;4;4;5;5;5;5;5;5;5;6;6;6;6;6;6;6;7;7;7;7;7;7;7;8;8;8;8;8;8;8;9;9;9;9;9;9;9;10;10;10;10;10;10;10;11;11;11;11;11;11;11;12;12;12;12;12;12;12;13;13;13;13;13;13;13;14;14;14;14;14;1;1;1;1;1;1;1;2;2;2;2;2;2;2;3;3;3;3;3;3;3;4;4;4;4;4;4;4;5;5;5;5;5;5;5;6;6;6;6;6;6;6;7;7;7;7;7;7;7;8;8;8;8;8;8;8;9;9;9;9;9;9;9;10;10;10;10;10;10;10;11;11;11;11;11;11;11;12;12;12;12;12;12;12;13;13;13;13;13;13;13;14;14;14;14;14;;
44;Collasso nervoso;Psico;0;0;0;0;0;0;0;0;0;0;0;0;0;0;0;0;0;0;0;0;0;4;4;4;4;4;4;4;4;4;4;4;4;4;4;4;4;4;4;5;5;5;5;5;5;5;5;5;5;5;5;5;5;5;5;5;5;6;6;6;6;6;6;6;6;6;6;6;6;6;6;6;6;6;6;7;7;7;7;7;7;7;7;7;7;7;7;7;7;7;7;7;7;8;8;8;0;0;0;0;0;0;0;0;0;0;0;0;0;0;0;0;0;0;0;0;0;0;0;0;0;0;0;1;1;1;1;1;1;2;2;2;2;2;2;3;3;3;3;3;3;4;4;4;4;4;4;5;5;5;5;5;5;6;6;6;6;6;6;7;7;7;7;7;7;8;8;8;8;8;8;9;9;9;9;9;9;10;10;10;10;10;10;11;11;11;11;11;11;12;12;12;;
45;Urlo straziante;Oscuritŕ;1;1;1;1;1;1;1;2;2;2;2;2;2;2;3;3;3;3;3;3;3;4;4;4;4;4;4;4;5;5;5;5;5;5;5;6;6;6;6;6;6;6;7;7;7;7;7;7;7;8;8;8;8;8;8;8;9;9;9;9;9;9;9;10;10;10;10;10;10;10;11;11;11;11;11;11;11;12;12;12;12;12;12;12;13;13;13;13;13;13;13;14;14;14;14;14;1;1;1;2;2;2;3;3;3;4;4;4;5;5;5;6;6;6;7;7;7;8;8;8;9;9;9;10;10;10;11;11;11;12;12;12;13;13;13;14;14;14;15;15;15;16;16;16;17;17;17;18;18;18;19;19;19;20;20;20;21;21;21;22;22;22;23;23;23;24;24;24;25;25;25;26;26;26;27;27;27;28;28;28;29;29;29;30;30;30;31;31;31;32;32;32;;
46;Materia oscura;Oscuritŕ;0;0;0;0;0;0;0;0;0;0;0;0;0;0;0;0;0;0;0;0;0;4;4;4;4;4;4;4;4;4;4;4;4;5;5;5;5;5;5;5;5;5;5;5;5;6;6;6;6;6;6;6;6;6;6;6;6;7;7;7;7;7;7;7;7;7;7;7;7;8;8;8;8;8;8;8;8;8;8;8;8;9;9;9;9;9;9;9;9;9;9;9;9;10;10;10;0;0;0;0;0;0;0;0;0;0;0;0;0;0;0;0;0;0;0;0;0;4;4;4;4;5;5;5;5;6;6;6;6;7;7;7;7;8;8;8;8;9;9;9;9;10;10;10;10;11;11;11;11;12;12;12;12;13;13;13;13;14;14;14;14;15;15;15;15;16;16;16;16;17;17;17;17;18;18;18;18;19;19;19;19;20;20;20;20;21;21;21;21;22;22;22;;
47;Spazzata;Oscuritŕ;1;1;1;1;1;1;1;2;2;2;2;2;2;2;3;3;3;3;3;3;3;4;4;4;4;4;4;4;5;5;5;5;5;5;5;6;6;6;6;6;6;6;7;7;7;7;7;7;7;8;8;8;8;8;8;8;9;9;9;9;9;9;9;10;10;10;10;10;10;10;11;11;11;11;11;11;11;12;12;12;12;12;12;12;13;13;13;13;13;13;13;14;14;14;14;14;1;1;2;2;3;3;4;4;5;5;6;6;7;7;8;8;9;9;10;10;11;11;12;12;13;13;14;14;15;15;16;16;17;17;18;18;19;19;20;20;21;21;22;22;23;23;24;24;25;25;26;26;27;27;28;28;29;29;30;30;31;31;32;32;33;33;34;34;35;35;36;36;37;37;38;38;39;39;40;40;41;41;42;42;43;43;44;44;45;45;46;46;47;47;48;48;;
48;Falcidiata;Oscuritŕ;0;0;0;0;0;0;0;0;0;0;0;0;0;0;0;0;0;0;0;0;0;4;4;4;4;4;4;4;4;4;4;4;4;5;5;5;5;5;5;5;5;5;5;5;5;6;6;6;6;6;6;6;6;6;6;6;6;7;7;7;7;7;7;7;7;7;7;7;7;8;8;8;8;8;8;8;8;8;8;8;8;9;9;9;9;9;9;9;9;9;9;9;9;10;10;10;0;0;0;0;0;0;0;0;0;0;0;0;0;0;0;0;0;0;0;0;0;4;4;4;4;5;5;5;5;6;6;6;6;7;7;7;7;8;8;8;8;9;9;9;9;10;10;10;10;11;11;11;11;12;12;12;12;13;13;13;13;14;14;14;14;15;15;15;15;16;16;16;16;17;17;17;17;18;18;18;18;19;19;19;19;20;20;20;20;21;21;21;21;22;22;22;;
49;Inumidire;Acqua;1;1;1;1;1;1;1;1;1;1;1;2;2;2;2;2;2;2;2;2;2;2;3;3;3;3;3;3;3;3;3;3;3;4;4;4;4;4;4;4;4;4;4;4;5;5;5;5;5;5;5;5;5;5;5;6;6;6;6;6;6;6;6;6;6;6;7;7;7;7;7;7;7;7;7;7;7;8;8;8;8;8;8;8;8;8;8;8;9;9;9;9;9;9;9;9;1;1;1;1;1;1;1;2;2;2;2;2;2;3;3;3;3;3;3;4;4;4;4;4;4;5;5;5;5;5;5;6;6;6;6;6;6;7;7;7;7;7;7;8;8;8;8;8;8;9;9;9;9;9;9;10;10;10;10;10;10;11;11;11;11;11;11;12;12;12;12;12;12;13;13;13;13;13;13;14;14;14;14;14;14;15;15;15;15;15;15;16;16;16;16;16;;
50;Attacco fradicio;Acqua;0;0;0;0;0;0;0;0;0;0;0;0;0;0;0;0;0;0;0;0;0;3;3;3;3;3;3;3;3;3;3;3;3;3;3;3;3;3;3;3;3;3;3;3;3;4;4;4;4;4;4;4;4;4;4;4;4;4;4;4;4;4;4;4;4;4;4;4;4;5;5;5;5;5;5;5;5;5;5;5;5;5;5;5;5;5;5;5;5;5;5;5;5;6;6;6;0;0;0;0;0;0;0;0;0;0;0;0;0;0;0;0;0;0;0;0;0;1;1;1;1;1;1;1;2;2;2;2;2;2;2;3;3;3;3;3;3;3;4;4;4;4;4;4;4;5;5;5;5;5;5;5;6;6;6;6;6;6;6;7;7;7;7;7;7;7;8;8;8;8;8;8;8;9;9;9;9;9;9;9;10;10;10;10;10;10;10;11;11;11;11;11;;
51;Tempesta magnetica;Elettro;1;1;1;1;1;1;1;1;1;1;1;1;1;2;2;2;2;2;2;2;2;2;2;2;2;3;3;3;3;3;3;3;3;3;3;3;3;4;4;4;4;4;4;4;4;4;4;4;4;5;5;5;5;5;5;5;5;5;5;5;5;6;6;6;6;6;6;6;6;6;6;6;6;7;7;7;7;7;7;7;7;7;7;7;7;8;8;8;8;8;8;8;8;8;8;8;1;1;1;1;1;2;2;2;2;2;3;3;3;3;3;4;4;4;4;4;5;5;5;5;5;6;6;6;6;6;7;7;7;7;7;8;8;8;8;8;9;9;9;9;9;10;10;10;10;10;11;11;11;11;11;12;12;12;12;12;13;13;13;13;13;14;14;14;14;14;15;15;15;15;15;16;16;16;16;16;17;17;17;17;17;18;18;18;18;18;19;19;19;19;19;20;;
52;Temporale;Elettro;1;1;1;1;1;1;1;1;1;1;2;2;2;2;2;2;2;2;2;2;3;3;3;3;3;3;3;3;3;3;4;4;4;4;4;4;4;4;4;4;5;5;5;5;5;5;5;5;5;5;6;6;6;6;6;6;6;6;6;6;7;7;7;7;7;7;7;7;7;7;8;8;8;8;8;8;8;8;8;8;9;9;9;9;9;9;9;9;9;9;10;10;10;10;10;10;0;1;1;1;2;2;2;3;3;3;4;4;4;5;5;5;6;6;6;7;7;7;8;8;8;9;9;9;10;10;10;11;11;11;12;12;12;13;13;13;14;14;14;15;15;15;16;16;16;17;17;17;18;18;18;19;19;19;20;20;20;21;21;21;22;22;22;23;23;23;24;24;24;25;25;25;26;26;26;27;27;27;28;28;28;29;29;29;30;30;30;31;31;31;32;32;;
53;Angoscia;Psico;1;1;1;1;1;1;1;1;1;1;2;2;2;2;2;2;2;2;2;2;3;3;3;3;3;3;3;3;3;3;4;4;4;4;4;4;4;4;4;4;5;5;5;5;5;5;5;5;5;5;6;6;6;6;6;6;6;6;6;6;7;7;7;7;7;7;7;7;7;7;8;8;8;8;8;8;8;8;8;8;9;9;9;9;9;9;9;9;9;9;10;10;10;10;10;10;0;1;1;1;1;2;2;2;2;3;3;3;3;4;4;4;4;5;5;5;5;6;6;6;6;7;7;7;7;8;8;8;8;9;9;9;9;10;10;10;10;11;11;11;11;12;12;12;12;13;13;13;13;14;14;14;14;15;15;15;15;16;16;16;16;17;17;17;17;18;18;18;18;19;19;19;19;20;20;20;20;21;21;21;21;22;22;22;22;23;23;23;23;24;24;24;;
54;Avanzata;Normale;1;1;1;1;1;1;1;1;1;1;1;1;1;1;1;1;1;1;1;2;2;2;2;2;2;2;2;2;2;2;2;2;2;2;2;2;2;2;3;3;3;3;3;3;3;3;3;3;3;3;3;3;3;3;3;3;3;4;4;4;4;4;4;4;4;4;4;4;4;4;4;4;4;4;4;4;5;5;5;5;5;5;5;5;5;5;5;5;5;5;5;5;5;5;5;6;0;1;1;1;1;1;1;1;2;2;2;2;2;2;2;3;3;3;3;3;3;3;4;4;4;4;4;4;4;5;5;5;5;5;5;5;6;6;6;6;6;6;6;7;7;7;7;7;7;7;8;8;8;8;8;8;8;9;9;9;9;9;9;9;10;10;10;10;10;10;10;11;11;11;11;11;11;11;12;12;12;12;12;12;12;13;13;13;13;13;13;13;14;14;14;14;;
55;Sussurro;Psico;1;1;1;1;1;2;2;2;2;2;3;3;3;3;3;4;4;4;4;4;5;5;5;5;5;6;6;6;6;6;7;7;7;7;7;8;8;8;8;8;9;9;9;9;9;10;10;10;10;10;11;11;11;11;11;12;12;12;12;12;13;13;13;13;13;14;14;14;14;14;15;15;15;15;15;16;16;16;16;16;17;17;17;17;17;18;18;18;18;18;19;19;19;19;19;20;1;1;1;1;1;2;2;2;2;2;3;3;3;3;3;4;4;4;4;4;5;5;5;5;5;6;6;6;6;6;7;7;7;7;7;8;8;8;8;8;9;9;9;9;9;10;10;10;10;10;11;11;11;11;11;12;12;12;12;12;13;13;13;13;13;14;14;14;14;14;15;15;15;15;15;16;16;16;16;16;17;17;17;17;17;18;18;18;18;18;19;19;19;19;19;20;;
56;Sesto senso;Psico;0;0;0;0;0;0;0;0;0;0;3;3;3;3;3;3;3;3;3;3;4;4;4;4;4;4;4;4;4;4;5;5;5;5;5;5;5;5;5;5;6;6;6;6;6;6;6;6;6;6;7;7;7;7;7;7;7;7;7;7;8;8;8;8;8;8;8;8;8;8;9;9;9;9;9;9;9;9;9;9;10;10;10;10;10;10;10;10;10;10;11;11;11;11;11;11;0;0;0;0;0;0;0;0;0;0;1;1;1;1;1;1;1;2;2;2;2;2;2;2;3;3;3;3;3;3;3;4;4;4;4;4;4;4;5;5;5;5;5;5;5;6;6;6;6;6;6;6;7;7;7;7;7;7;7;8;8;8;8;8;8;8;9;9;9;9;9;9;9;10;10;10;10;10;10;10;11;11;11;11;11;11;11;12;12;12;12;12;12;12;13;13;;
57;Intreccio mentale;Psico;0;0;0;0;0;0;0;0;0;0;0;0;0;0;0;0;0;0;0;0;0;0;0;0;0;0;0;0;0;0;5;5;5;5;5;5;5;5;5;5;6;6;6;6;6;6;6;6;6;6;7;7;7;7;7;7;7;7;7;7;8;8;8;8;8;8;8;8;8;8;9;9;9;9;9;9;9;9;9;9;10;10;10;10;10;10;10;10;10;10;11;11;11;11;11;11;0;0;0;0;0;0;0;0;0;0;0;0;0;0;0;0;0;0;0;0;0;0;0;0;0;0;0;0;0;0;0;0;0;0;0;0;0;0;0;0;0;0;0;0;0;0;0;0;0;0;0;0;0;0;0;0;0;0;0;0;0;0;0;0;0;0;0;0;0;0;0;0;0;0;0;0;0;0;0;0;0;0;0;0;0;0;0;0;0;0;0;0;0;0;0;0;;
58;Occhio universale;Psico;0;0;0;0;0;0;0;0;0;0;0;0;0;0;0;0;0;0;0;0;0;0;0;0;0;0;0;0;0;0;0;0;0;0;0;0;0;0;0;0;0;0;0;0;0;0;0;0;0;0;7;7;7;7;7;7;7;7;7;7;7;7;7;7;7;8;8;8;8;8;8;8;8;8;8;8;8;8;8;8;9;9;9;9;9;9;9;9;9;9;9;9;9;9;9;10;0;0;0;0;0;0;0;0;0;0;0;0;0;0;0;0;0;0;0;0;0;0;0;0;0;0;0;0;0;0;0;0;0;0;0;0;0;0;0;0;0;0;0;0;0;0;0;0;0;0;1;1;1;1;1;1;2;2;2;2;2;2;3;3;3;3;3;3;4;4;4;4;4;4;5;5;5;5;5;5;6;6;6;6;6;6;7;7;7;7;7;7;8;8;8;8;;
59;Assorbilinfa;Erba;1;1;1;1;1;1;1;2;2;2;2;2;2;2;3;3;3;3;3;3;3;4;4;4;4;4;4;4;5;5;5;5;5;5;5;6;6;6;6;6;6;6;7;7;7;7;7;7;7;8;8;8;8;8;8;8;9;9;9;9;9;9;9;10;10;10;10;10;10;10;11;11;11;11;11;11;11;12;12;12;12;12;12;12;13;13;13;13;13;13;13;14;14;14;14;14;1;1;1;1;1;1;1;1;2;2;2;2;2;2;2;2;3;3;3;3;3;3;3;3;4;4;4;4;4;4;4;4;5;5;5;5;5;5;5;5;6;6;6;6;6;6;6;6;7;7;7;7;7;7;7;7;8;8;8;8;8;8;8;8;9;9;9;9;9;9;9;9;10;10;10;10;10;10;10;10;11;11;11;11;11;11;11;11;12;12;12;12;12;12;12;12;;
60;Avanguardia;Erba;0;0;0;0;0;0;0;0;0;0;0;0;0;0;3;3;3;3;3;3;3;3;3;3;3;4;4;4;4;4;4;4;4;4;4;4;5;5;5;5;5;5;5;5;5;5;5;6;6;6;6;6;6;6;6;6;6;6;7;7;7;7;7;7;7;7;7;7;7;8;8;8;8;8;8;8;8;8;8;8;9;9;9;9;9;9;9;9;9;9;9;10;10;10;10;10;0;0;0;0;0;0;0;0;0;0;0;0;0;0;1;1;1;1;1;1;1;1;2;2;2;2;2;2;2;2;3;3;3;3;3;3;3;3;4;4;4;4;4;4;4;4;5;5;5;5;5;5;5;5;6;6;6;6;6;6;6;6;7;7;7;7;7;7;7;7;8;8;8;8;8;8;8;8;9;9;9;9;9;9;9;9;10;10;10;10;10;10;10;10;11;11;;
61;Sciame operaio;Erba;0;0;0;0;0;0;0;0;0;0;0;0;0;0;0;0;0;0;0;0;0;0;0;0;0;0;0;0;0;0;0;0;0;0;0;5;5;5;5;5;5;5;5;5;5;5;5;5;5;5;6;6;6;6;6;6;6;6;6;6;6;6;6;6;6;7;7;7;7;7;7;7;7;7;7;7;7;7;7;7;8;8;8;8;8;8;8;8;8;8;8;8;8;8;8;9;0;0;0;0;0;0;0;0;0;0;0;0;0;0;0;0;0;0;0;0;0;0;0;0;0;0;0;0;0;0;0;0;0;0;0;0;0;0;0;1;1;1;1;2;2;2;2;3;3;3;3;4;4;4;4;5;5;5;5;6;6;6;6;7;7;7;7;8;8;8;8;9;9;9;9;10;10;10;10;11;11;11;11;12;12;12;12;13;13;13;13;14;14;14;14;15;;
62;Manto d'ombra;Oscuritŕ;1;1;1;1;1;1;1;2;2;2;2;2;2;2;3;3;3;3;3;3;3;4;4;4;4;4;4;4;5;5;5;5;5;5;5;6;6;6;6;6;6;6;7;7;7;7;7;7;7;8;8;8;8;8;8;8;9;9;9;9;9;9;9;10;10;10;10;10;10;10;11;11;11;11;11;11;11;12;12;12;12;12;12;12;13;13;13;13;13;13;13;14;14;14;14;14;1;1;1;1;2;2;2;2;3;3;3;3;4;4;4;4;5;5;5;5;6;6;6;6;7;7;7;7;8;8;8;8;9;9;9;9;10;10;10;10;11;11;11;11;12;12;12;12;13;13;13;13;14;14;14;14;15;15;15;15;16;16;16;16;17;17;17;17;18;18;18;18;19;19;19;19;20;20;20;20;21;21;21;21;22;22;22;22;23;23;23;23;24;24;24;24;;
63;Buio pesto;Oscuritŕ;0;0;0;0;0;0;0;0;0;0;0;0;0;0;4;4;4;4;4;4;4;4;4;4;4;5;5;5;5;5;5;5;5;5;5;5;6;6;6;6;6;6;6;6;6;6;6;7;7;7;7;7;7;7;7;7;7;7;8;8;8;8;8;8;8;8;8;8;8;9;9;9;9;9;9;9;9;9;9;9;10;10;10;10;10;10;10;10;10;10;10;11;11;11;11;11;0;0;0;0;0;0;0;0;0;0;0;0;0;0;2;2;2;2;2;3;3;3;3;3;4;4;4;4;4;5;5;5;5;5;6;6;6;6;6;7;7;7;7;7;8;8;8;8;8;9;9;9;9;9;10;10;10;10;10;11;11;11;11;11;12;12;12;12;12;13;13;13;13;13;14;14;14;14;14;15;15;15;15;15;16;16;16;16;16;17;17;17;17;17;18;18;;
64;Fiamma nera;Oscuritŕ;0;0;0;0;0;0;0;0;0;0;0;0;0;0;0;0;0;0;0;0;0;0;0;0;0;0;0;0;0;0;0;0;0;0;0;6;6;6;6;6;6;6;6;6;6;6;6;6;6;6;7;7;7;7;7;7;7;7;7;7;7;7;7;7;7;8;8;8;8;8;8;8;8;8;8;8;8;8;8;8;9;9;9;9;9;9;9;9;9;9;9;9;9;9;9;10;0;0;0;0;0;0;0;0;0;0;0;0;0;0;0;0;0;0;0;0;0;0;0;0;0;0;0;0;0;0;0;0;0;0;0;3;3;4;4;5;5;6;6;7;7;8;8;9;9;10;10;11;11;12;12;13;13;14;14;15;15;16;16;17;17;18;18;19;19;20;20;21;21;22;22;23;23;24;24;25;25;26;26;27;27;28;28;29;29;30;30;31;31;32;32;33;;
65;Foglia caduca;Erba;1;1;1;1;1;1;1;2;2;2;2;2;2;2;3;3;3;3;3;3;3;4;4;4;4;4;4;4;5;5;5;5;5;5;5;6;6;6;6;6;6;6;7;7;7;7;7;7;7;8;8;8;8;8;8;8;9;9;9;9;9;9;9;10;10;10;10;10;10;10;11;11;11;11;11;11;11;12;12;12;12;12;12;12;13;13;13;13;13;13;13;14;14;14;14;14;1;1;1;1;1;1;2;2;2;2;2;2;3;3;3;3;3;3;4;4;4;4;4;4;5;5;5;5;5;5;6;6;6;6;6;6;7;7;7;7;7;7;8;8;8;8;8;8;9;9;9;9;9;9;10;10;10;10;10;10;11;11;11;11;11;11;12;12;12;12;12;12;13;13;13;13;13;13;14;14;14;14;14;14;15;15;15;15;15;15;16;16;16;16;16;16;;
66;Risveglio verde;Erba;3;3;3;3;3;3;3;3;3;3;3;3;3;3;3;3;3;3;3;3;3;3;3;3;3;3;3;3;3;3;3;3;3;3;3;3;3;3;3;3;3;3;3;3;3;3;3;3;3;3;3;3;3;3;3;3;3;3;3;3;3;3;3;3;3;3;3;3;3;3;3;3;3;3;3;3;3;3;3;3;3;3;3;3;3;3;3;3;3;3;3;3;3;3;3;3;0;0;0;0;0;0;0;0;0;0;0;0;0;0;0;0;0;0;0;0;0;1;1;1;1;1;1;1;2;2;2;2;2;2;2;3;3;3;3;3;3;3;4;4;4;4;4;4;4;5;5;5;5;5;5;5;6;6;6;6;6;6;6;7;7;7;7;7;7;7;8;8;8;8;8;8;8;9;9;9;9;9;9;9;10;10;10;10;10;10;10;11;11;11;11;11;;
67;Forza della natura;Erba;0;0;0;0;0;0;0;0;0;0;0;0;0;0;0;0;0;0;0;0;0;0;0;0;0;0;0;0;0;0;0;0;0;0;0;4;4;4;4;4;4;4;4;4;4;4;4;4;4;4;4;4;4;4;4;4;5;5;5;5;5;5;5;5;5;5;5;5;5;5;5;5;5;5;5;5;5;6;6;6;6;6;6;6;6;6;6;6;6;6;6;6;6;6;6;6;0;0;0;0;0;0;0;0;0;0;0;0;0;0;0;0;0;0;0;0;0;0;0;0;0;0;0;0;0;0;0;0;0;0;0;1;1;1;1;1;1;2;2;2;2;2;2;3;3;3;3;3;3;4;4;4;4;4;4;5;5;5;5;5;5;6;6;6;6;6;6;7;7;7;7;7;7;8;8;8;8;8;8;9;9;9;9;9;9;10;10;10;10;10;10;11;;
68;Luna storta;Oscuritŕ;1;1;1;1;1;1;1;2;2;2;2;2;2;2;3;3;3;3;3;3;3;4;4;4;4;4;4;4;5;5;5;5;5;5;5;6;6;6;6;6;6;6;7;7;7;7;7;7;7;8;8;8;8;8;8;8;9;9;9;9;9;9;9;10;10;10;10;10;10;10;11;11;11;11;11;11;11;12;12;12;12;12;12;12;13;13;13;13;13;13;13;14;14;14;14;14;1;1;1;1;1;1;1;1;2;2;2;2;2;2;2;2;3;3;3;3;3;3;3;3;4;4;4;4;4;4;4;4;5;5;5;5;5;5;5;5;6;6;6;6;6;6;6;6;7;7;7;7;7;7;7;7;8;8;8;8;8;8;8;8;9;9;9;9;9;9;9;9;10;10;10;10;10;10;10;10;11;11;11;11;11;11;11;11;12;12;12;12;12;12;12;12;;
69;Luna rossa;Oscuritŕ;0;0;0;0;0;0;0;0;0;0;0;0;0;0;0;0;0;0;0;0;0;4;4;4;4;4;4;4;4;4;4;4;4;4;4;4;4;4;4;5;5;5;5;5;5;5;5;5;5;5;5;5;5;5;5;5;5;6;6;6;6;6;6;6;6;6;6;6;6;6;6;6;6;6;6;7;7;7;7;7;7;7;7;7;7;7;7;7;7;7;7;7;7;8;8;8;0;0;0;0;0;0;0;0;0;0;0;0;0;0;0;0;0;0;0;0;0;0;0;0;0;0;0;1;1;1;1;1;1;2;2;2;2;2;2;3;3;3;3;3;3;4;4;4;4;4;4;5;5;5;5;5;5;6;6;6;6;6;6;7;7;7;7;7;7;8;8;8;8;8;8;9;9;9;9;9;9;10;10;10;10;10;10;11;11;11;11;11;11;12;12;12;;
70;Puntura anestetica;Erba;1;1;1;1;1;1;1;2;2;2;2;2;2;2;3;3;3;3;3;3;3;4;4;4;4;4;4;4;5;5;5;5;5;5;5;6;6;6;6;6;6;6;7;7;7;7;7;7;7;8;8;8;8;8;8;8;9;9;9;9;9;9;9;10;10;10;10;10;10;10;11;11;11;11;11;11;11;12;12;12;12;12;12;12;13;13;13;13;13;13;13;14;14;14;14;14;1;1;1;1;1;1;1;1;2;2;2;2;2;2;2;2;3;3;3;3;3;3;3;3;4;4;4;4;4;4;4;4;5;5;5;5;5;5;5;5;6;6;6;6;6;6;6;6;7;7;7;7;7;7;7;7;8;8;8;8;8;8;8;8;9;9;9;9;9;9;9;9;10;10;10;10;10;10;10;10;11;11;11;11;11;11;11;11;12;12;12;12;12;12;12;12;;
71;Sete di sangue;Erba;0;0;0;0;0;0;0;0;0;0;0;0;0;0;0;0;0;0;0;0;0;4;4;4;4;4;4;4;4;4;4;4;4;4;4;4;4;4;4;5;5;5;5;5;5;5;5;5;5;5;5;5;5;5;5;5;5;6;6;6;6;6;6;6;6;6;6;6;6;6;6;6;6;6;6;7;7;7;7;7;7;7;7;7;7;7;7;7;7;7;7;7;7;8;8;8;0;0;0;0;0;0;0;0;0;0;0;0;0;0;0;0;0;0;0;0;0;0;0;0;0;0;0;0;1;1;1;1;1;1;1;2;2;2;2;2;2;2;3;3;3;3;3;3;3;4;4;4;4;4;4;4;5;5;5;5;5;5;5;6;6;6;6;6;6;6;7;7;7;7;7;7;7;8;8;8;8;8;8;8;9;9;9;9;9;9;9;10;10;10;10;10;;
72;Predigestione;Erba;1;1;1;1;1;1;1;2;2;2;2;2;2;2;3;3;3;3;3;3;3;4;4;4;4;4;4;4;5;5;5;5;5;5;5;6;6;6;6;6;6;6;7;7;7;7;7;7;7;8;8;8;8;8;8;8;9;9;9;9;9;9;9;10;10;10;10;10;10;10;11;11;11;11;11;11;11;12;12;12;12;12;12;12;13;13;13;13;13;13;13;14;14;14;14;14;1;1;1;1;2;2;2;2;3;3;3;3;4;4;4;4;5;5;5;5;6;6;6;6;7;7;7;7;8;8;8;8;9;9;9;9;10;10;10;10;11;11;11;11;12;12;12;12;13;13;13;13;14;14;14;14;15;15;15;15;16;16;16;16;17;17;17;17;18;18;18;18;19;19;19;19;20;20;20;20;21;21;21;21;22;22;22;22;23;23;23;23;24;24;24;24;;
73;Divoramento;Erba;0;0;0;0;0;0;0;0;0;0;0;0;0;0;0;0;0;0;0;0;0;4;4;4;4;4;4;4;4;4;4;4;4;5;5;5;5;5;5;5;5;5;5;5;5;6;6;6;6;6;6;6;6;6;6;6;6;7;7;7;7;7;7;7;7;7;7;7;7;8;8;8;8;8;8;8;8;8;8;8;8;9;9;9;9;9;9;9;9;9;9;9;9;10;10;10;0;0;0;0;0;0;0;0;0;0;0;0;0;0;0;0;0;0;0;0;0;4;4;4;4;4;5;5;5;5;5;6;6;6;6;6;7;7;7;7;7;8;8;8;8;8;9;9;9;9;9;10;10;10;10;10;11;11;11;11;11;12;12;12;12;12;13;13;13;13;13;14;14;14;14;14;15;15;15;15;15;16;16;16;16;16;17;17;17;17;17;18;18;18;18;18;;
74;Cerino;Fuoco;1;1;1;1;1;1;1;1;1;1;1;2;2;2;2;2;2;2;2;2;2;2;3;3;3;3;3;3;3;3;3;3;3;4;4;4;4;4;4;4;4;4;4;4;5;5;5;5;5;5;5;5;5;5;5;6;6;6;6;6;6;6;6;6;6;6;7;7;7;7;7;7;7;7;7;7;7;8;8;8;8;8;8;8;8;8;8;8;9;9;9;9;9;9;9;9;1;1;1;1;1;1;1;2;2;2;2;2;2;3;3;3;3;3;3;4;4;4;4;4;4;5;5;5;5;5;5;6;6;6;6;6;6;7;7;7;7;7;7;8;8;8;8;8;8;9;9;9;9;9;9;10;10;10;10;10;10;11;11;11;11;11;11;12;12;12;12;12;12;13;13;13;13;13;13;14;14;14;14;14;14;15;15;15;15;15;15;16;16;16;16;16;;
75;Cimitero di fiamme;Fuoco;0;0;0;0;0;0;0;0;0;0;0;0;0;0;0;0;0;0;0;0;0;3;3;3;3;3;3;3;3;3;3;3;3;3;3;3;3;3;3;3;3;3;3;3;3;4;4;4;4;4;4;4;4;4;4;4;4;4;4;4;4;4;4;4;4;4;4;4;4;5;5;5;5;5;5;5;5;5;5;5;5;5;5;5;5;5;5;5;5;5;5;5;5;6;6;6;0;0;0;0;0;0;0;0;0;0;0;0;0;0;0;0;0;0;0;0;0;1;1;1;1;1;1;1;1;2;2;2;2;2;2;2;2;3;3;3;3;3;3;3;3;4;4;4;4;4;4;4;4;5;5;5;5;5;5;5;5;6;6;6;6;6;6;6;6;7;7;7;7;7;7;7;7;8;8;8;8;8;8;8;8;9;9;9;9;9;9;9;9;10;10;10;;
76;Scossa d'assestamento;Terra;1;1;1;1;1;1;1;1;1;1;1;2;2;2;2;2;2;2;2;2;2;2;3;3;3;3;3;3;3;3;3;3;3;4;4;4;4;4;4;4;4;4;4;4;5;5;5;5;5;5;5;5;5;5;5;6;6;6;6;6;6;6;6;6;6;6;7;7;7;7;7;7;7;7;7;7;7;8;8;8;8;8;8;8;8;8;8;8;9;9;9;9;9;9;9;9;1;1;1;1;1;1;1;2;2;2;2;2;2;3;3;3;3;3;3;4;4;4;4;4;4;5;5;5;5;5;5;6;6;6;6;6;6;7;7;7;7;7;7;8;8;8;8;8;8;9;9;9;9;9;9;10;10;10;10;10;10;11;11;11;11;11;11;12;12;12;12;12;12;13;13;13;13;13;13;14;14;14;14;14;14;15;15;15;15;15;15;16;16;16;16;16;;
77;Canyon;Terra;0;0;0;0;0;0;0;0;0;0;0;0;0;0;0;0;0;0;0;0;0;3;3;3;3;3;3;3;3;3;3;3;3;3;3;3;3;3;3;3;3;3;3;3;3;4;4;4;4;4;4;4;4;4;4;4;4;4;4;4;4;4;4;4;4;4;4;4;4;5;5;5;5;5;5;5;5;5;5;5;5;5;5;5;5;5;5;5;5;5;5;5;5;6;6;6;0;0;0;0;0;0;0;0;0;0;0;0;0;0;0;0;0;0;0;0;0;1;1;1;1;1;1;1;2;2;2;2;2;2;2;3;3;3;3;3;3;3;4;4;4;4;4;4;4;5;5;5;5;5;5;5;6;6;6;6;6;6;6;7;7;7;7;7;7;7;8;8;8;8;8;8;8;9;9;9;9;9;9;9;10;10;10;10;10;10;10;11;11;11;11;11;;
78;Rivolta;Oscuritŕ;1;1;1;1;1;1;1;1;1;1;1;1;1;2;2;2;2;2;2;2;2;2;2;2;2;3;3;3;3;3;3;3;3;3;3;3;3;4;4;4;4;4;4;4;4;4;4;4;4;5;5;5;5;5;5;5;5;5;5;5;5;6;6;6;6;6;6;6;6;6;6;6;6;7;7;7;7;7;7;7;7;7;7;7;7;8;8;8;8;8;8;8;8;8;8;8;1;1;1;1;1;1;2;2;2;2;2;2;3;3;3;3;3;3;4;4;4;4;4;4;5;5;5;5;5;5;6;6;6;6;6;6;7;7;7;7;7;7;8;8;8;8;8;8;9;9;9;9;9;9;10;10;10;10;10;10;11;11;11;11;11;11;12;12;12;12;12;12;13;13;13;13;13;13;14;14;14;14;14;14;15;15;15;15;15;15;16;16;16;16;16;16;;
79;Guerriglia;Normale;1;1;1;1;1;1;1;1;1;1;2;2;2;2;2;2;2;2;2;2;3;3;3;3;3;3;3;3;3;3;4;4;4;4;4;4;4;4;4;4;5;5;5;5;5;5;5;5;5;5;6;6;6;6;6;6;6;6;6;6;7;7;7;7;7;7;7;7;7;7;8;8;8;8;8;8;8;8;8;8;9;9;9;9;9;9;9;9;9;9;10;10;10;10;10;10;0;1;1;1;1;1;2;2;2;2;2;3;3;3;3;3;4;4;4;4;4;5;5;5;5;5;6;6;6;6;6;7;7;7;7;7;8;8;8;8;8;9;9;9;9;9;10;10;10;10;10;11;11;11;11;11;12;12;12;12;12;13;13;13;13;13;14;14;14;14;14;15;15;15;15;15;16;16;16;16;16;17;17;17;17;17;18;18;18;18;18;19;19;19;19;19;;
80;Fangospruzzo;Terra;1;1;1;1;1;1;1;1;1;1;1;1;1;1;1;1;1;1;1;2;2;2;2;2;2;2;2;2;2;2;2;2;2;2;2;2;2;2;3;3;3;3;3;3;3;3;3;3;3;3;3;3;3;3;3;3;3;4;4;4;4;4;4;4;4;4;4;4;4;4;4;4;4;4;4;4;5;5;5;5;5;5;5;5;5;5;5;5;5;5;5;5;5;5;5;6;0;1;1;1;1;1;1;1;2;2;2;2;2;2;2;3;3;3;3;3;3;3;4;4;4;4;4;4;4;5;5;5;5;5;5;5;6;6;6;6;6;6;6;7;7;7;7;7;7;7;8;8;8;8;8;8;8;9;9;9;9;9;9;9;10;10;10;10;10;10;10;11;11;11;11;11;11;11;12;12;12;12;12;12;12;13;13;13;13;13;13;13;14;14;14;14;;
81;Fornace;Fuoco;1;1;1;1;1;1;1;1;1;1;1;1;1;1;1;1;1;1;1;2;2;2;2;2;2;2;2;2;2;2;2;2;2;2;2;2;2;2;3;3;3;3;3;3;3;3;3;3;3;3;3;3;3;3;3;3;3;4;4;4;4;4;4;4;4;4;4;4;4;4;4;4;4;4;4;4;5;5;5;5;5;5;5;5;5;5;5;5;5;5;5;5;5;5;5;6;0;1;1;1;1;1;1;2;2;2;2;2;2;3;3;3;3;3;3;4;4;4;4;4;4;5;5;5;5;5;5;6;6;6;6;6;6;7;7;7;7;7;7;8;8;8;8;8;8;9;9;9;9;9;9;10;10;10;10;10;10;11;11;11;11;11;11;12;12;12;12;12;12;13;13;13;13;13;13;14;14;14;14;14;14;15;15;15;15;15;15;16;16;16;16;16;;
82;Sotterrare;Terra;1;1;1;1;1;1;1;2;2;2;2;2;2;2;3;3;3;3;3;3;3;4;4;4;4;4;4;4;5;5;5;5;5;5;5;6;6;6;6;6;6;6;7;7;7;7;7;7;7;8;8;8;8;8;8;8;9;9;9;9;9;9;9;10;10;10;10;10;10;10;11;11;11;11;11;11;11;12;12;12;12;12;12;12;13;13;13;13;13;13;13;14;14;14;14;14;1;1;1;1;1;1;1;1;2;2;2;2;2;2;2;2;3;3;3;3;3;3;3;3;4;4;4;4;4;4;4;4;5;5;5;5;5;5;5;5;6;6;6;6;6;6;6;6;7;7;7;7;7;7;7;7;8;8;8;8;8;8;8;8;9;9;9;9;9;9;9;9;10;10;10;10;10;10;10;10;11;11;11;11;11;11;11;11;12;12;12;12;12;12;12;12;;
83;Sepoltura;Terra;0;0;0;0;0;0;0;0;0;0;0;0;0;0;3;3;3;3;3;3;3;3;3;3;3;4;4;4;4;4;4;4;4;4;4;4;5;5;5;5;5;5;5;5;5;5;5;6;6;6;6;6;6;6;6;6;6;6;7;7;7;7;7;7;7;7;7;7;7;8;8;8;8;8;8;8;8;8;8;8;9;9;9;9;9;9;9;9;9;9;9;10;10;10;10;10;0;0;0;0;0;0;0;0;0;0;0;0;0;0;1;1;1;1;1;1;1;1;2;2;2;2;2;2;2;2;3;3;3;3;3;3;3;3;4;4;4;4;4;4;4;4;5;5;5;5;5;5;5;5;6;6;6;6;6;6;6;6;7;7;7;7;7;7;7;7;8;8;8;8;8;8;8;8;9;9;9;9;9;9;9;9;10;10;10;10;10;10;10;10;11;11;;
84;Emersione;Terra;0;0;0;0;0;0;0;0;0;0;0;0;0;0;0;0;0;0;0;0;0;0;0;0;0;0;0;0;0;0;0;0;0;0;0;5;5;5;5;5;5;5;5;5;5;5;5;5;5;5;6;6;6;6;6;6;6;6;6;6;6;6;6;6;6;7;7;7;7;7;7;7;7;7;7;7;7;7;7;7;8;8;8;8;8;8;8;8;8;8;8;8;8;8;8;9;0;0;0;0;0;0;0;0;0;0;0;0;0;0;0;0;0;0;0;0;0;0;0;0;0;0;0;0;0;0;0;0;0;0;0;0;0;0;0;1;1;1;1;2;2;2;2;3;3;3;3;4;4;4;4;5;5;5;5;6;6;6;6;7;7;7;7;8;8;8;8;9;9;9;9;10;10;10;10;11;11;11;11;12;12;12;12;13;13;13;13;14;14;14;14;15;;
85;Area 51;Normale;1;1;1;1;1;1;1;2;2;2;2;2;2;2;3;3;3;3;3;3;3;4;4;4;4;4;4;4;5;5;5;5;5;5;5;6;6;6;6;6;6;6;7;7;7;7;7;7;7;8;8;8;8;8;8;8;9;9;9;9;9;9;9;10;10;10;10;10;10;10;11;11;11;11;11;11;11;12;12;12;12;12;12;12;13;13;13;13;13;13;13;14;14;14;14;14;1;1;1;1;2;2;2;2;3;3;3;3;4;4;4;4;5;5;5;5;6;6;6;6;7;7;7;7;8;8;8;8;9;9;9;9;10;10;10;10;11;11;11;11;12;12;12;12;13;13;13;13;14;14;14;14;15;15;15;15;16;16;16;16;17;17;17;17;18;18;18;18;19;19;19;19;20;20;20;20;21;21;21;21;22;22;22;22;23;23;23;23;24;24;24;24;;
86;Viaggio temporale;Normale;0;0;0;0;0;0;0;0;0;0;0;0;0;0;4;4;4;4;4;4;4;4;4;4;4;5;5;5;5;5;5;5;5;5;5;5;6;6;6;6;6;6;6;6;6;6;6;7;7;7;7;7;7;7;7;7;7;7;8;8;8;8;8;8;8;8;8;8;8;9;9;9;9;9;9;9;9;9;9;9;10;10;10;10;10;10;10;10;10;10;10;11;11;11;11;11;0;0;0;0;0;0;0;0;0;0;0;0;0;0;2;2;2;2;3;3;3;3;4;4;4;4;5;5;5;5;6;6;6;6;7;7;7;7;8;8;8;8;9;9;9;9;10;10;10;10;11;11;11;11;12;12;12;12;13;13;13;13;14;14;14;14;15;15;15;15;16;16;16;16;17;17;17;17;18;18;18;18;19;19;19;19;20;20;20;20;21;21;21;21;22;22;;
87;Ritorno al futuro;Normale;0;0;0;0;0;0;0;0;0;0;0;0;0;0;0;0;0;0;0;0;0;0;0;0;0;0;0;0;0;0;0;0;0;0;0;6;6;6;6;6;6;6;6;6;6;6;6;6;6;6;7;7;7;7;7;7;7;7;7;7;7;7;7;7;7;8;8;8;8;8;8;8;8;8;8;8;8;8;8;8;9;9;9;9;9;9;9;9;9;9;9;9;9;9;9;10;0;0;0;0;0;0;0;0;0;0;0;0;0;0;0;0;0;0;0;0;0;0;0;0;0;0;0;0;0;0;0;0;0;0;0;3;3;4;4;5;5;6;6;7;7;8;8;9;9;10;10;11;11;12;12;13;13;14;14;15;15;16;16;17;17;18;18;19;19;20;20;21;21;22;22;23;23;24;24;25;25;26;26;27;27;28;28;29;29;30;30;31;31;32;32;33;;
88;Occhiolino;Psico;1;1;1;1;1;1;1;2;2;2;2;2;2;2;3;3;3;3;3;3;3;4;4;4;4;4;4;4;5;5;5;5;5;5;5;6;6;6;6;6;6;6;7;7;7;7;7;7;7;8;8;8;8;8;8;8;9;9;9;9;9;9;9;10;10;10;10;10;10;10;11;11;11;11;11;11;11;12;12;12;12;12;12;12;13;13;13;13;13;13;13;14;14;14;14;14;1;1;1;1;2;2;2;2;3;3;3;3;4;4;4;4;5;5;5;5;6;6;6;6;7;7;7;7;8;8;8;8;9;9;9;9;10;10;10;10;11;11;11;11;12;12;12;12;13;13;13;13;14;14;14;14;15;15;15;15;16;16;16;16;17;17;17;17;18;18;18;18;19;19;19;19;20;20;20;20;21;21;21;21;22;22;22;22;23;23;23;23;24;24;24;24;;
89;Pressione spirituale;Psico;0;0;0;0;0;0;0;0;0;0;0;0;0;0;4;4;4;4;4;4;4;4;4;4;4;5;5;5;5;5;5;5;5;5;5;5;6;6;6;6;6;6;6;6;6;6;6;7;7;7;7;7;7;7;7;7;7;7;8;8;8;8;8;8;8;8;8;8;8;9;9;9;9;9;9;9;9;9;9;9;10;10;10;10;10;10;10;10;10;10;10;11;11;11;11;11;0;0;0;0;0;0;0;0;0;0;0;0;0;0;2;2;2;2;2;3;3;3;3;3;4;4;4;4;4;5;5;5;5;5;6;6;6;6;6;7;7;7;7;7;8;8;8;8;8;9;9;9;9;9;10;10;10;10;10;11;11;11;11;11;12;12;12;12;12;13;13;13;13;13;14;14;14;14;14;15;15;15;15;15;16;16;16;16;16;17;17;17;17;17;18;18;;
90;Assorbianima;Psico;0;0;0;0;0;0;0;0;0;0;0;0;0;0;0;0;0;0;0;0;0;0;0;0;0;0;0;0;0;0;0;0;0;0;0;6;6;6;6;6;6;6;6;6;6;6;6;6;6;6;7;7;7;7;7;7;7;7;7;7;7;7;7;7;7;8;8;8;8;8;8;8;8;8;8;8;8;8;8;8;9;9;9;9;9;9;9;9;9;9;9;9;9;9;9;10;0;0;0;0;0;0;0;0;0;0;0;0;0;0;0;0;0;0;0;0;0;0;0;0;0;0;0;0;0;0;0;0;0;0;0;3;3;3;4;4;4;5;5;5;6;6;6;7;7;7;8;8;8;9;9;9;10;10;10;11;11;11;12;12;12;13;13;13;14;14;14;15;15;15;16;16;16;17;17;17;18;18;18;19;19;19;20;20;20;21;21;21;22;22;22;23;;
91;Immersione;Acqua;1;1;1;1;1;1;1;2;2;2;2;2;2;2;3;3;3;3;3;3;3;4;4;4;4;4;4;4;5;5;5;5;5;5;5;6;6;6;6;6;6;6;7;7;7;7;7;7;7;8;8;8;8;8;8;8;9;9;9;9;9;9;9;10;10;10;10;10;10;10;11;11;11;11;11;11;11;12;12;12;12;12;12;12;13;13;13;13;13;13;13;14;14;14;14;14;1;1;1;1;2;2;2;2;3;3;3;3;4;4;4;4;5;5;5;5;6;6;6;6;7;7;7;7;8;8;8;8;9;9;9;9;10;10;10;10;11;11;11;11;12;12;12;12;13;13;13;13;14;14;14;14;15;15;15;15;16;16;16;16;17;17;17;17;18;18;18;18;19;19;19;19;20;20;20;20;21;21;21;21;22;22;22;22;23;23;23;23;24;24;24;24;;
92;Affondare;Acqua;3;3;3;3;3;3;3;3;3;3;3;3;3;3;3;3;3;3;3;3;3;3;3;3;3;3;3;3;3;3;3;3;3;3;3;3;3;3;3;3;3;3;3;3;3;3;3;3;3;3;3;3;3;3;3;3;3;3;3;3;3;3;3;3;3;3;3;3;3;3;3;3;3;3;3;3;3;3;3;3;3;3;3;3;3;3;3;3;3;3;3;3;3;3;3;3;0;0;0;0;0;0;0;0;0;0;0;0;0;0;0;0;0;0;0;0;1;1;1;1;1;1;2;2;2;2;2;2;3;3;3;3;3;3;4;4;4;4;4;4;5;5;5;5;5;5;6;6;6;6;6;6;7;7;7;7;7;7;8;8;8;8;8;8;9;9;9;9;9;9;10;10;10;10;10;10;11;11;11;11;11;11;12;12;12;12;12;12;13;13;13;13;;
93;Morte dagli abissi;Acqua;0;0;0;0;0;0;0;0;0;0;0;0;0;0;0;0;0;0;0;0;0;0;0;0;0;0;0;0;0;0;0;0;0;0;0;4;4;4;4;4;4;4;4;4;4;4;4;4;4;4;4;4;4;4;4;4;5;5;5;5;5;5;5;5;5;5;5;5;5;5;5;5;5;5;5;5;5;6;6;6;6;6;6;6;6;6;6;6;6;6;6;6;6;6;6;6;0;0;0;0;0;0;0;0;0;0;0;0;0;0;0;0;0;0;0;0;0;0;0;0;0;0;0;0;0;0;0;0;0;0;0;1;1;1;1;1;2;2;2;2;2;3;3;3;3;3;4;4;4;4;4;5;5;5;5;5;6;6;6;6;6;7;7;7;7;7;8;8;8;8;8;9;9;9;9;9;10;10;10;10;10;11;11;11;11;11;12;12;12;12;12;13;;
94;Getto del peso;Terra;1;1;1;1;1;1;1;2;2;2;2;2;2;2;3;3;3;3;3;3;3;4;4;4;4;4;4;4;5;5;5;5;5;5;5;6;6;6;6;6;6;6;7;7;7;7;7;7;7;8;8;8;8;8;8;8;9;9;9;9;9;9;9;10;10;10;10;10;10;10;11;11;11;11;11;11;11;12;12;12;12;12;12;12;13;13;13;13;13;13;13;14;14;14;14;14;1;1;1;1;1;1;1;1;2;2;2;2;2;2;2;2;3;3;3;3;3;3;3;3;4;4;4;4;4;4;4;4;5;5;5;5;5;5;5;5;6;6;6;6;6;6;6;6;7;7;7;7;7;7;7;7;8;8;8;8;8;8;8;8;9;9;9;9;9;9;9;9;10;10;10;10;10;10;10;10;11;11;11;11;11;11;11;11;12;12;12;12;12;12;12;12;;
95;Bombardamento;Terra;0;0;0;0;0;0;0;0;0;0;0;0;0;0;0;0;0;0;0;0;0;4;4;4;4;4;4;4;4;4;4;4;4;4;4;4;4;4;4;5;5;5;5;5;5;5;5;5;5;5;5;5;5;5;5;5;5;6;6;6;6;6;6;6;6;6;6;6;6;6;6;6;6;6;6;7;7;7;7;7;7;7;7;7;7;7;7;7;7;7;7;7;7;8;8;8;0;0;0;0;0;0;0;0;0;0;0;0;0;0;0;0;0;0;0;0;0;0;0;0;0;0;0;1;1;1;1;1;1;2;2;2;2;2;2;3;3;3;3;3;3;4;4;4;4;4;4;5;5;5;5;5;5;6;6;6;6;6;6;7;7;7;7;7;7;8;8;8;8;8;8;9;9;9;9;9;9;10;10;10;10;10;10;11;11;11;11;11;11;12;12;12;;
96;Gufata;Normale;1;1;1;1;1;1;1;2;2;2;2;2;2;2;3;3;3;3;3;3;3;4;4;4;4;4;4;4;5;5;5;5;5;5;5;6;6;6;6;6;6;6;7;7;7;7;7;7;7;8;8;8;8;8;8;8;9;9;9;9;9;9;9;10;10;10;10;10;10;10;11;11;11;11;11;11;11;12;12;12;12;12;12;12;13;13;13;13;13;13;13;14;14;14;14;14;1;1;1;1;1;1;1;1;2;2;2;2;2;2;2;2;3;3;3;3;3;3;3;3;4;4;4;4;4;4;4;4;5;5;5;5;5;5;5;5;6;6;6;6;6;6;6;6;7;7;7;7;7;7;7;7;8;8;8;8;8;8;8;8;9;9;9;9;9;9;9;9;10;10;10;10;10;10;10;10;11;11;11;11;11;11;11;11;12;12;12;12;12;12;12;12;;
97;Picchiata fatale;Normale;0;0;0;0;0;0;0;0;0;0;0;0;0;0;0;0;0;0;0;0;0;4;4;4;4;4;4;4;4;4;4;4;4;4;4;4;4;4;4;5;5;5;5;5;5;5;5;5;5;5;5;5;5;5;5;5;5;6;6;6;6;6;6;6;6;6;6;6;6;6;6;6;6;6;6;7;7;7;7;7;7;7;7;7;7;7;7;7;7;7;7;7;7;8;8;8;0;0;0;0;0;0;0;0;0;0;0;0;0;0;0;0;0;0;0;0;0;0;0;0;0;0;0;1;1;1;1;1;1;2;2;2;2;2;2;3;3;3;3;3;3;4;4;4;4;4;4;5;5;5;5;5;5;6;6;6;6;6;6;7;7;7;7;7;7;8;8;8;8;8;8;9;9;9;9;9;9;10;10;10;10;10;10;11;11;11;11;11;11;12;12;12;;
98;Fiammella;Fuoco;1;1;1;1;1;1;1;2;2;2;2;2;2;2;3;3;3;3;3;3;3;4;4;4;4;4;4;4;5;5;5;5;5;5;5;6;6;6;6;6;6;6;7;7;7;7;7;7;7;8;8;8;8;8;8;8;9;9;9;9;9;9;9;10;10;10;10;10;10;10;11;11;11;11;11;11;11;12;12;12;12;12;12;12;13;13;13;13;13;13;13;14;14;14;14;14;1;1;1;1;2;2;2;2;3;3;3;3;4;4;4;4;5;5;5;5;6;6;6;6;7;7;7;7;8;8;8;8;9;9;9;9;10;10;10;10;11;11;11;11;12;12;12;12;13;13;13;13;14;14;14;14;15;15;15;15;16;16;16;16;17;17;17;17;18;18;18;18;19;19;19;19;20;20;20;20;21;21;21;21;22;22;22;22;23;23;23;23;24;24;24;24;;
99;Spirale ardente;Fuoco;0;0;0;0;0;0;0;0;0;0;0;0;0;0;0;0;0;0;0;0;0;4;4;4;4;4;4;4;4;4;4;4;4;5;5;5;5;5;5;5;5;5;5;5;5;6;6;6;6;6;6;6;6;6;6;6;6;7;7;7;7;7;7;7;7;7;7;7;7;8;8;8;8;8;8;8;8;8;8;8;8;9;9;9;9;9;9;9;9;9;9;9;9;10;10;10;0;0;0;0;0;0;0;0;0;0;0;0;0;0;0;0;0;0;0;0;0;4;4;4;4;5;5;5;5;6;6;6;6;7;7;7;7;8;8;8;8;9;9;9;9;10;10;10;10;11;11;11;11;12;12;12;12;13;13;13;13;14;14;14;14;15;15;15;15;16;16;16;16;17;17;17;17;18;18;18;18;19;19;19;19;20;20;20;20;21;21;21;21;22;22;22;;
100;Testata bassa;Normale;1;1;1;1;1;1;1;1;1;1;1;2;2;2;2;2;2;2;2;2;2;2;3;3;3;3;3;3;3;3;3;3;3;4;4;4;4;4;4;4;4;4;4;4;5;5;5;5;5;5;5;5;5;5;5;6;6;6;6;6;6;6;6;6;6;6;7;7;7;7;7;7;7;7;7;7;7;8;8;8;8;8;8;8;8;8;8;8;9;9;9;9;9;9;9;9;1;1;1;1;1;1;1;2;2;2;2;2;2;3;3;3;3;3;3;4;4;4;4;4;4;5;5;5;5;5;5;6;6;6;6;6;6;7;7;7;7;7;7;8;8;8;8;8;8;9;9;9;9;9;9;10;10;10;10;10;10;11;11;11;11;11;11;12;12;12;12;12;12;13;13;13;13;13;13;14;14;14;14;14;14;15;15;15;15;15;15;16;16;16;16;16;;
101;Lana magica;Normale;0;0;0;0;0;0;0;0;0;0;0;0;0;0;0;0;0;0;0;0;0;3;3;3;3;3;3;3;3;3;3;3;3;3;3;3;3;3;3;3;3;3;3;3;3;4;4;4;4;4;4;4;4;4;4;4;4;4;4;4;4;4;4;4;4;4;4;4;4;5;5;5;5;5;5;5;5;5;5;5;5;5;5;5;5;5;5;5;5;5;5;5;5;6;6;6;0;0;0;0;0;0;0;0;0;0;0;0;0;0;0;0;0;0;0;0;0;1;1;1;1;1;1;1;1;2;2;2;2;2;2;2;2;3;3;3;3;3;3;3;3;4;4;4;4;4;4;4;4;5;5;5;5;5;5;5;5;6;6;6;6;6;6;6;6;7;7;7;7;7;7;7;7;8;8;8;8;8;8;8;8;9;9;9;9;9;9;9;9;10;10;10;;
102;Funerale del deserto;Terra;1;1;1;1;1;1;1;1;1;1;1;1;1;2;2;2;2;2;2;2;2;2;2;2;2;3;3;3;3;3;3;3;3;3;3;3;3;4;4;4;4;4;4;4;4;4;4;4;4;5;5;5;5;5;5;5;5;5;5;5;5;6;6;6;6;6;6;6;6;6;6;6;6;7;7;7;7;7;7;7;7;7;7;7;7;8;8;8;8;8;8;8;8;8;8;8;1;1;1;1;2;2;2;2;3;3;3;3;4;4;4;4;5;5;5;5;6;6;6;6;7;7;7;7;8;8;8;8;9;9;9;9;10;10;10;10;11;11;11;11;12;12;12;12;13;13;13;13;14;14;14;14;15;15;15;15;16;16;16;16;17;17;17;17;18;18;18;18;19;19;19;19;20;20;20;20;21;21;21;21;22;22;22;22;23;23;23;23;24;24;24;24;;
103;Sbuffo lavico;Fuoco;1;1;1;1;1;1;1;1;1;1;1;1;1;2;2;2;2;2;2;2;2;2;2;2;2;3;3;3;3;3;3;3;3;3;3;3;3;4;4;4;4;4;4;4;4;4;4;4;4;5;5;5;5;5;5;5;5;5;5;5;5;6;6;6;6;6;6;6;6;6;6;6;6;7;7;7;7;7;7;7;7;7;7;7;7;8;8;8;8;8;8;8;8;8;8;8;1;1;1;1;2;2;2;2;3;3;3;3;4;4;4;4;5;5;5;5;6;6;6;6;7;7;7;7;8;8;8;8;9;9;9;9;10;10;10;10;11;11;11;11;12;12;12;12;13;13;13;13;14;14;14;14;15;15;15;15;16;16;16;16;17;17;17;17;18;18;18;18;19;19;19;19;20;20;20;20;21;21;21;21;22;22;22;22;23;23;23;23;24;24;24;24;;
104;Sradicamento;Erba;1;1;1;1;1;1;1;1;1;1;2;2;2;2;2;2;2;2;2;2;3;3;3;3;3;3;3;3;3;3;4;4;4;4;4;4;4;4;4;4;5;5;5;5;5;5;5;5;5;5;6;6;6;6;6;6;6;6;6;6;7;7;7;7;7;7;7;7;7;7;8;8;8;8;8;8;8;8;8;8;9;9;9;9;9;9;9;9;9;9;10;10;10;10;10;10;0;1;1;1;2;2;2;3;3;3;4;4;4;5;5;5;6;6;6;7;7;7;8;8;8;9;9;9;10;10;10;11;11;11;12;12;12;13;13;13;14;14;14;15;15;15;16;16;16;17;17;17;18;18;18;19;19;19;20;20;20;21;21;21;22;22;22;23;23;23;24;24;24;25;25;25;26;26;26;27;27;27;28;28;28;29;29;29;30;30;30;31;31;31;32;32;;
105;Jumpscare;Oscuritŕ;1;1;1;1;1;1;1;1;1;1;1;1;1;1;1;1;1;1;1;2;2;2;2;2;2;2;2;2;2;2;2;2;2;2;2;2;2;2;3;3;3;3;3;3;3;3;3;3;3;3;3;3;3;3;3;3;3;4;4;4;4;4;4;4;4;4;4;4;4;4;4;4;4;4;4;4;5;5;5;5;5;5;5;5;5;5;5;5;5;5;5;5;5;5;5;6;0;1;1;1;1;1;2;2;2;2;2;3;3;3;3;3;4;4;4;4;4;5;5;5;5;5;6;6;6;6;6;7;7;7;7;7;8;8;8;8;8;9;9;9;9;9;10;10;10;10;10;11;11;11;11;11;12;12;12;12;12;13;13;13;13;13;14;14;14;14;14;15;15;15;15;15;16;16;16;16;16;17;17;17;17;17;18;18;18;18;18;19;19;19;19;19;;
106;Legnata;Erba;1;1;1;1;1;1;1;1;1;1;1;1;1;1;1;1;1;1;1;2;2;2;2;2;2;2;2;2;2;2;2;2;2;2;2;2;2;2;3;3;3;3;3;3;3;3;3;3;3;3;3;3;3;3;3;3;3;4;4;4;4;4;4;4;4;4;4;4;4;4;4;4;4;4;4;4;5;5;5;5;5;5;5;5;5;5;5;5;5;5;5;5;5;5;5;6;0;1;1;1;1;1;1;2;2;2;2;2;2;3;3;3;3;3;3;4;4;4;4;4;4;5;5;5;5;5;5;6;6;6;6;6;6;7;7;7;7;7;7;8;8;8;8;8;8;9;9;9;9;9;9;10;10;10;10;10;10;11;11;11;11;11;11;12;12;12;12;12;12;13;13;13;13;13;13;14;14;14;14;14;14;15;15;15;15;15;15;16;16;16;16;16;;
107;Vortice divino;Acqua;1;1;1;1;1;1;1;1;1;1;2;2;2;2;2;2;2;2;2;2;3;3;3;3;3;3;3;3;3;3;4;4;4;4;4;4;4;4;4;4;5;5;5;5;5;5;5;5;5;5;6;6;6;6;6;6;6;6;6;6;7;7;7;7;7;7;7;7;7;7;8;8;8;8;8;8;8;8;8;8;9;9;9;9;9;9;9;9;9;9;10;10;10;10;10;10;1;1;2;2;3;3;4;4;5;5;6;6;7;7;8;8;9;9;10;10;11;11;12;12;13;13;14;14;15;15;16;16;17;17;18;18;19;19;20;20;21;21;22;22;23;23;24;24;25;25;26;26;27;27;28;28;29;29;30;30;31;31;32;32;33;33;34;34;35;35;36;36;37;37;38;38;39;39;40;40;41;41;42;42;43;43;44;44;45;45;46;46;47;47;48;48;;
108;Fiamma celestiale;Fuoco;1;1;1;1;1;1;1;1;1;1;2;2;2;2;2;2;2;2;2;2;3;3;3;3;3;3;3;3;3;3;4;4;4;4;4;4;4;4;4;4;5;5;5;5;5;5;5;5;5;5;6;6;6;6;6;6;6;6;6;6;7;7;7;7;7;7;7;7;7;7;8;8;8;8;8;8;8;8;8;8;9;9;9;9;9;9;9;9;9;9;10;10;10;10;10;10;1;1;2;2;3;3;4;4;5;5;6;6;7;7;8;8;9;9;10;10;11;11;12;12;13;13;14;14;15;15;16;16;17;17;18;18;19;19;20;20;21;21;22;22;23;23;24;24;25;25;26;26;27;27;28;28;29;29;30;30;31;31;32;32;33;33;34;34;35;35;36;36;37;37;38;38;39;39;40;40;41;41;42;42;43;43;44;44;45;45;46;46;47;47;48;48;;
109;Sguardo glaciale;Psico;1;1;1;1;1;1;1;1;1;1;2;2;2;2;2;2;2;2;2;2;3;3;3;3;3;3;3;3;3;3;4;4;4;4;4;4;4;4;4;4;5;5;5;5;5;5;5;5;5;5;6;6;6;6;6;6;6;6;6;6;7;7;7;7;7;7;7;7;7;7;8;8;8;8;8;8;8;8;8;8;9;9;9;9;9;9;9;9;9;9;10;10;10;10;10;10;1;1;2;2;3;3;4;4;5;5;6;6;7;7;8;8;9;9;10;10;11;11;12;12;13;13;14;14;15;15;16;16;17;17;18;18;19;19;20;20;21;21;22;22;23;23;24;24;25;25;26;26;27;27;28;28;29;29;30;30;31;31;32;32;33;33;34;34;35;35;36;36;37;37;38;38;39;39;40;40;41;41;42;42;43;43;44;44;45;45;46;46;47;47;48;48;;
110;Ordine sovrano;Oscuritŕ;1;1;1;1;1;1;1;1;1;1;2;2;2;2;2;2;2;2;2;2;3;3;3;3;3;3;3;3;3;3;4;4;4;4;4;4;4;4;4;4;5;5;5;5;5;5;5;5;5;5;6;6;6;6;6;6;6;6;6;6;7;7;7;7;7;7;7;7;7;7;8;8;8;8;8;8;8;8;8;8;9;9;9;9;9;9;9;9;9;9;10;10;10;10;10;10;1;1;2;2;3;3;4;4;5;5;6;6;7;7;8;8;9;9;10;10;11;11;12;12;13;13;14;14;15;15;16;16;17;17;18;18;19;19;20;20;21;21;22;22;23;23;24;24;25;25;26;26;27;27;28;28;29;29;30;30;31;31;32;32;33;33;34;34;35;35;36;36;37;37;38;38;39;39;40;40;41;41;42;42;43;43;44;44;45;45;46;46;47;47;48;48;;
111;Brezza Profumata;Erba;1;1;1;1;1;1;1;1;1;1;0;0;0;0;0;0;0;0;0;0;0;0;0;0;0;0;0;0;0;0;0;0;0;0;0;0;0;0;0;0;0;0;0;0;0;0;0;0;0;0;0;0;0;0;0;0;0;0;0;0;0;0;0;0;0;0;0;0;0;0;0;0;0;0;0;0;0;0;0;0;0;0;0;0;0;0;0;0;0;0;0;0;0;0;0;0;1;1;1;1;1;1;1;1;1;1;0;0;0;0;0;0;0;0;0;0;0;0;0;0;0;0;0;0;0;0;0;0;0;0;0;0;0;0;0;0;0;0;0;0;0;0;0;0;0;0;0;0;0;0;0;0;0;0;0;0;0;0;0;0;0;0;0;0;0;0;0;0;0;0;0;0;0;0;0;0;0;0;0;0;0;0;0;0;0;0;0;0;0;0;0;0;;
112;Vento Silvano;Erba;0;0;0;0;0;0;0;0;0;0;2;2;2;2;2;2;2;2;2;2;2;2;2;2;2;2;2;2;2;2;0;0;0;0;0;0;0;0;0;0;0;0;0;0;0;0;0;0;0;0;0;0;0;0;0;0;0;0;0;0;0;0;0;0;0;0;0;0;0;0;0;0;0;0;0;0;0;0;0;0;0;0;0;0;0;0;0;0;0;0;0;0;0;0;0;0;0;0;0;0;0;0;0;0;0;0;0;0;0;0;0;0;0;0;0;0;0;0;0;0;0;0;0;0;1;1;0;0;0;0;0;0;0;0;0;0;0;0;0;0;0;0;0;0;0;0;0;0;0;0;0;0;0;0;0;0;0;0;0;0;0;0;0;0;0;0;0;0;0;0;0;0;0;0;0;0;0;0;0;0;0;0;0;0;0;0;0;0;0;0;0;0;;
113;Maestrale Boschivo;Erba;0;0;0;0;0;0;0;0;0;0;0;0;0;0;0;0;0;0;0;0;0;0;0;0;0;0;0;0;0;0;3;3;3;3;3;3;3;3;3;3;3;3;3;3;3;3;3;3;3;3;0;0;0;0;0;0;0;0;0;0;0;0;0;0;0;0;0;0;0;0;0;0;0;0;0;0;0;0;0;0;0;0;0;0;0;0;0;0;0;0;0;0;0;0;0;0;0;0;0;0;0;0;0;0;0;0;0;0;0;0;0;0;0;0;0;0;0;0;0;0;0;0;0;0;0;0;0;0;0;0;0;0;0;0;0;0;0;0;0;0;0;0;0;0;0;0;0;0;0;0;0;0;0;0;0;0;0;0;0;0;0;0;0;0;0;0;0;0;0;0;0;0;0;0;0;0;0;0;0;0;0;0;0;0;0;0;0;0;0;0;0;0;;
114;Tempesta di Fiori;Erba;0;0;0;0;0;0;0;0;0;0;0;0;0;0;0;0;0;0;0;0;0;0;0;0;0;0;0;0;0;0;0;0;0;0;0;0;0;0;0;0;0;0;0;0;0;0;0;0;0;0;0;0;0;0;0;0;0;0;0;0;0;0;0;0;0;0;0;0;0;0;0;0;0;0;0;0;0;0;0;0;0;0;0;0;0;0;0;0;0;0;0;0;0;0;0;0;0;0;0;0;0;0;0;0;0;0;0;0;0;0;0;0;0;0;0;0;0;0;0;0;0;0;0;0;0;0;0;0;0;0;0;0;0;0;0;0;0;0;0;0;0;0;0;0;0;0;0;0;0;0;0;0;0;0;0;0;0;0;0;0;0;0;0;0;0;0;0;0;0;0;0;0;0;0;0;0;0;0;0;0;0;0;0;0;0;0;0;0;0;0;0;0;;
115;Ciuffo Verde;Erba;1;1;1;1;1;1;1;1;1;1;1;1;1;1;0;0;0;0;0;0;0;0;0;0;0;0;0;0;0;0;0;0;0;0;0;0;0;0;0;0;0;0;0;0;0;0;0;0;0;0;0;0;0;0;0;0;0;0;0;0;0;0;0;0;0;0;0;0;0;0;0;0;0;0;0;0;0;0;0;0;0;0;0;0;0;0;0;0;0;0;0;0;0;0;0;0;0;0;0;0;0;0;0;0;0;0;0;0;0;0;0;0;0;0;0;0;0;0;0;0;0;0;0;0;0;0;0;0;0;0;0;0;0;0;0;0;0;0;0;0;0;0;0;0;0;0;0;0;0;0;0;0;0;0;0;0;0;0;0;0;0;0;0;0;0;0;0;0;0;0;0;0;0;0;0;0;0;0;0;0;0;0;0;0;0;0;0;0;0;0;0;0;;
116;Mazzetto Erboso;Erba;0;0;0;0;0;0;0;0;0;0;0;0;0;0;1;1;1;1;1;1;1;1;1;1;1;1;1;1;1;1;1;1;1;1;1;0;0;0;0;0;0;0;0;0;0;0;0;0;0;0;0;0;0;0;0;0;0;0;0;0;0;0;0;0;0;0;0;0;0;0;0;0;0;0;0;0;0;0;0;0;0;0;0;0;0;0;0;0;0;0;0;0;0;0;0;0;0;0;0;0;0;0;0;0;0;0;0;0;0;0;0;0;0;0;0;0;0;0;0;0;0;0;0;0;0;0;0;0;0;0;0;0;0;0;0;0;0;0;0;0;0;0;0;0;0;0;0;0;0;0;0;0;0;0;0;0;0;0;0;0;0;0;0;0;0;0;0;0;0;0;0;0;0;0;0;0;0;0;0;0;0;0;0;0;0;0;0;0;0;0;0;0;;
117;Cespuglio Rigoglioso;Erba;0;0;0;0;0;0;0;0;0;0;0;0;0;0;0;0;0;0;0;0;0;0;0;0;0;0;0;0;0;0;0;0;0;0;0;0;0;0;0;0;0;0;0;0;0;0;0;0;0;0;0;0;0;0;0;0;0;0;0;0;0;0;0;0;0;0;0;0;0;0;0;0;0;0;0;0;0;0;0;0;0;0;0;0;0;0;0;0;0;0;0;0;0;0;0;0;0;0;0;0;0;0;0;0;0;0;0;0;0;0;0;0;0;0;0;0;0;0;0;0;0;0;0;0;0;0;0;0;0;0;0;0;0;0;0;0;0;0;0;0;0;0;0;0;0;0;0;0;0;0;0;0;0;0;0;0;0;0;0;0;0;0;0;0;0;0;0;0;0;0;0;0;0;0;2;2;2;2;2;2;2;2;2;2;2;2;2;2;2;2;2;2;;
118;Penna Arcobaleno;Psico;1;1;1;1;1;1;1;1;1;1;1;1;1;1;0;0;0;0;0;0;0;0;0;0;0;0;0;0;0;0;0;0;0;0;0;0;0;0;0;0;0;0;0;0;0;0;0;0;0;0;0;0;0;0;0;0;0;0;0;0;0;0;0;0;0;0;0;0;0;0;0;0;0;0;0;0;0;0;0;0;0;0;0;0;0;0;0;0;0;0;0;0;0;0;0;0;0;0;0;0;0;0;0;0;1;1;1;1;1;1;0;0;0;0;0;0;0;0;0;0;0;0;0;0;0;0;0;0;0;0;0;0;0;0;0;0;0;0;0;0;0;0;0;0;0;0;0;0;0;0;0;0;0;0;0;0;0;0;0;0;0;0;0;0;0;0;0;0;0;0;0;0;0;0;0;0;0;0;0;0;0;0;0;0;0;0;0;0;0;0;0;0;;
119;Ali Elusive;Psico;0;0;0;0;0;0;0;0;0;0;0;0;0;0;0;0;0;0;0;0;0;0;0;0;0;0;0;0;0;0;0;0;0;0;0;0;0;0;0;0;0;0;0;0;0;0;0;0;0;0;0;0;0;0;0;0;0;0;0;0;0;0;0;0;0;0;0;0;0;0;0;0;0;0;0;0;0;0;0;0;0;0;0;0;0;0;0;0;0;0;0;0;0;0;0;0;0;0;0;0;0;0;0;0;0;0;0;0;0;0;0;0;0;0;0;0;0;0;0;0;0;0;0;0;0;0;0;0;0;0;0;0;0;0;0;0;0;0;0;0;0;0;0;0;0;0;0;0;0;0;0;0;0;0;0;0;0;0;0;0;0;0;0;0;0;0;0;0;0;0;0;0;0;0;0;0;0;0;0;0;0;0;0;0;0;0;0;0;0;0;0;0;;
120;Piumaggio Illusorio;Psico;0;0;0;0;0;0;0;0;0;0;0;0;0;0;0;0;0;0;0;0;0;0;0;0;0;0;0;0;0;0;0;0;0;0;0;0;0;0;0;0;0;0;0;0;0;0;0;0;0;0;0;0;0;0;0;0;0;0;0;0;0;0;0;0;0;0;0;0;0;0;0;0;0;0;0;0;0;0;0;0;0;0;0;0;0;0;0;0;0;0;0;0;0;0;0;0;0;0;0;0;0;0;0;0;0;0;0;0;0;0;0;0;0;0;0;0;0;0;0;0;0;0;0;0;0;0;0;0;0;0;0;0;0;0;0;0;0;0;0;0;0;0;0;0;0;0;0;0;0;0;0;0;0;0;0;0;0;0;0;0;0;0;0;0;0;0;0;0;0;0;0;0;0;0;1;1;1;1;1;1;1;1;1;1;1;1;2;2;2;2;2;2;;
121;Bollobrace;Fuoco;1;1;1;1;1;1;1;1;1;1;1;1;1;1;0;0;0;0;0;0;0;0;0;0;0;0;0;0;0;0;0;0;0;0;0;0;0;0;0;0;0;0;0;0;0;0;0;0;0;0;0;0;0;0;0;0;0;0;0;0;0;0;0;0;0;0;0;0;0;0;0;0;0;0;0;0;0;0;0;0;0;0;0;0;0;0;0;0;0;0;0;0;0;0;0;0;0;0;0;0;0;0;0;0;0;0;0;0;0;0;0;0;0;0;0;0;0;0;0;0;0;0;0;0;0;0;0;0;0;0;0;0;0;0;0;0;0;0;0;0;0;0;0;0;0;0;0;0;0;0;0;0;0;0;0;0;0;0;0;0;0;0;0;0;0;0;0;0;0;0;0;0;0;0;0;0;0;0;0;0;0;0;0;0;0;0;0;0;0;0;0;0;;
122;Fauci incandescenti;Fuoco;0;0;0;0;0;0;0;0;0;0;0;0;0;0;1;1;1;1;1;1;1;1;1;1;1;1;1;1;1;1;1;1;1;1;1;0;0;0;0;0;0;0;0;0;0;0;0;0;0;0;0;0;0;0;0;0;0;0;0;0;0;0;0;0;0;0;0;0;0;0;0;0;0;0;0;0;0;0;0;0;0;0;0;0;0;0;0;0;0;0;0;0;0;0;0;0;0;0;0;0;0;0;0;0;0;0;0;0;0;0;0;0;0;0;0;0;0;0;0;0;0;0;0;0;0;0;0;0;0;0;0;0;0;0;0;0;0;0;0;0;0;0;0;0;0;0;0;0;0;0;0;0;0;0;0;0;0;0;0;0;0;0;0;0;0;0;0;0;0;0;0;0;0;0;0;0;0;0;0;0;0;0;0;0;0;0;0;0;0;0;0;0;;
123;Detonazione lavica;Fuoco;0;0;0;0;0;0;0;0;0;0;0;0;0;0;0;0;0;0;0;0;0;0;0;0;0;0;0;0;0;0;0;0;0;0;0;0;0;0;0;0;0;0;0;0;0;0;0;0;0;0;0;0;0;0;0;0;0;0;0;0;0;0;0;0;0;0;0;0;0;0;0;0;0;0;0;0;0;0;0;0;0;0;0;0;0;0;0;0;0;0;0;0;0;0;0;0;0;0;0;0;0;0;0;0;0;0;0;0;0;0;0;0;0;0;0;0;0;0;0;0;0;0;0;0;0;0;0;0;0;0;0;0;0;0;0;0;0;0;0;0;0;0;0;0;0;0;0;0;0;0;0;0;0;0;0;0;0;0;0;0;0;0;0;0;0;0;0;0;0;0;0;0;0;0;0;0;0;0;0;0;0;0;0;0;0;0;0;0;0;0;0;0;;
124;Cerchio Ondoso;Acqua;1;1;1;1;1;1;1;1;1;1;1;1;1;1;1;1;1;1;1;1;1;0;0;0;0;0;0;0;0;0;0;0;0;0;0;0;0;0;0;0;0;0;0;0;0;0;0;0;0;0;0;0;0;0;0;0;0;0;0;0;0;0;0;0;0;0;0;0;0;0;0;0;0;0;0;0;0;0;0;0;0;0;0;0;0;0;0;0;0;0;0;0;0;0;0;0;0;0;0;0;0;0;0;0;0;0;0;0;0;0;0;0;0;0;0;0;1;0;0;0;0;0;0;0;0;0;0;0;0;0;0;0;0;0;0;0;0;0;0;0;0;0;0;0;0;0;0;0;0;0;0;0;0;0;0;0;0;0;0;0;0;0;0;0;0;0;0;0;0;0;0;0;0;0;0;0;0;0;0;0;0;0;0;0;0;0;0;0;0;0;0;0;;
125;Spirale Acquatica;Acqua;0;0;0;0;0;0;0;0;0;0;0;0;0;0;0;0;0;0;0;0;0;0;0;0;0;0;0;0;0;0;0;0;0;0;0;0;0;0;0;0;0;0;0;0;0;0;0;0;0;0;0;0;0;0;0;0;0;0;0;0;0;0;0;0;0;0;0;0;0;0;0;0;0;0;0;0;0;0;0;0;0;0;0;0;0;0;0;0;0;0;0;0;0;0;0;0;0;0;0;0;0;0;0;0;0;0;0;0;0;0;0;0;0;0;0;0;0;0;0;0;0;0;0;0;0;0;0;0;0;0;0;0;0;0;0;0;0;0;0;0;0;0;1;0;0;0;0;0;0;0;0;0;0;0;0;0;0;0;0;0;0;0;0;0;0;0;0;0;0;0;0;0;0;0;0;0;0;0;0;0;0;0;0;0;0;0;0;0;0;0;0;0;;
126;Polverone;Terra;1;1;1;1;1;1;1;1;1;1;1;1;1;1;1;1;1;1;1;1;1;0;0;0;0;0;0;0;0;0;0;0;0;0;0;0;0;0;0;0;0;0;0;0;0;0;0;0;0;0;0;0;0;0;0;0;0;0;0;0;0;0;0;0;0;0;0;0;0;0;0;0;0;0;0;0;0;0;0;0;0;0;0;0;0;0;0;0;0;0;0;0;0;0;0;0;0;0;0;0;0;0;0;0;0;0;0;0;0;0;0;0;0;0;0;0;1;0;0;0;0;0;0;0;0;0;0;0;0;0;0;0;0;0;0;0;0;0;0;0;0;0;0;0;0;0;0;0;0;0;0;0;0;0;0;0;0;0;0;0;0;0;0;0;0;0;0;0;0;0;0;0;0;0;0;0;0;0;0;0;0;0;0;0;0;0;0;0;0;0;0;0;;
127;Marcia del deserto;Terra;0;0;0;0;0;0;0;0;0;0;0;0;0;0;0;0;0;0;0;0;0;0;0;0;0;0;0;0;0;0;0;0;0;0;0;0;0;0;0;0;0;0;0;0;0;0;0;0;0;0;0;0;0;0;0;0;0;0;0;0;0;0;0;0;0;0;0;0;0;0;0;0;0;0;0;0;0;0;0;0;0;0;0;0;0;0;0;0;0;0;0;0;0;0;0;0;0;0;0;0;0;0;0;0;0;0;0;0;0;0;0;0;0;0;0;0;0;0;0;0;0;0;0;0;0;0;0;0;0;0;0;0;0;0;0;0;0;0;0;0;0;0;1;0;0;0;0;0;0;0;0;0;0;0;0;0;0;0;0;0;0;0;0;0;0;0;0;0;0;0;0;0;0;0;0;0;0;0;0;0;0;0;0;0;0;0;0;0;0;0;0;0;;
128;Ringhio Ribelle;Normale;0;0;0;0;0;0;0;0;0;0;0;0;0;0;0;0;0;0;0;0;0;0;0;0;0;0;0;0;0;0;0;0;0;0;0;0;0;0;0;0;0;0;0;0;0;0;0;0;0;0;0;0;0;0;0;0;0;0;0;0;0;0;0;0;0;0;0;0;0;0;0;0;0;0;0;0;0;0;0;0;0;0;0;0;0;0;0;0;0;0;0;0;0;0;0;0;0;0;0;0;0;0;0;0;0;0;0;0;0;0;0;0;0;0;0;0;0;0;0;0;0;0;0;0;0;0;0;0;0;0;0;0;0;0;0;0;0;0;0;0;0;0;0;0;0;0;0;0;0;0;0;0;0;0;0;0;0;0;0;0;0;0;0;0;0;0;0;0;0;0;0;0;0;0;0;0;0;0;0;0;0;0;0;0;0;0;0;0;0;0;0;0;;
129;Colpo Rabbioso;Normale;0;0;0;0;0;0;0;0;0;0;0;0;0;0;0;0;0;0;0;0;0;0;0;0;0;0;0;0;0;0;0;0;0;0;0;0;0;0;0;0;0;0;0;0;0;0;0;0;0;0;0;0;0;0;0;0;0;0;0;0;0;0;0;0;0;0;0;0;0;0;0;0;0;0;0;0;0;0;0;0;0;0;0;0;0;0;0;0;0;0;0;0;0;0;0;0;0;0;0;0;0;0;0;0;0;0;0;0;0;0;0;0;0;0;0;0;0;0;0;0;0;0;0;0;0;0;0;0;0;0;0;0;0;0;0;0;0;0;0;0;0;0;0;0;0;0;2;2;2;2;2;2;2;2;2;2;2;2;2;2;2;2;2;2;2;2;2;2;2;2;2;2;3;3;3;3;3;3;3;3;3;3;3;3;3;3;3;3;3;3;3;3;;
130;Pinna Rotante;Normale;0;0;0;0;0;0;0;0;0;0;0;0;0;0;0;0;0;0;0;0;0;0;0;0;0;0;0;0;0;0;0;0;0;0;0;0;0;0;0;0;0;0;0;0;0;0;0;0;0;0;0;0;0;0;0;0;0;0;0;0;0;0;0;0;0;0;0;0;0;0;0;0;0;0;0;0;0;0;0;0;0;0;0;0;0;0;0;0;0;0;0;0;0;0;0;0;0;0;0;0;0;0;0;0;0;0;0;0;0;0;0;0;0;0;0;0;0;0;0;0;0;0;0;0;0;0;0;0;0;0;0;0;0;0;0;0;0;0;0;0;0;0;0;0;0;0;0;0;0;0;0;0;0;0;0;0;0;0;0;0;0;0;0;0;0;0;0;0;0;0;0;0;0;0;0;0;0;0;0;0;0;0;0;0;0;0;0;0;0;0;0;0;;
131;Danza dei Fondali;Normale;0;0;0;0;0;0;0;0;0;0;0;0;0;0;0;0;0;0;0;0;0;0;0;0;0;0;0;0;0;0;0;0;0;0;0;0;0;0;0;0;0;0;0;0;0;0;0;0;0;0;0;0;0;0;0;0;0;0;0;0;0;0;0;0;0;0;0;0;0;0;0;0;0;0;0;0;0;0;0;0;0;0;0;0;0;0;0;0;0;0;0;0;0;0;0;0;0;0;0;0;0;0;0;0;0;0;0;0;0;0;0;0;0;0;0;0;0;0;0;0;0;0;0;0;0;0;0;0;0;0;0;0;0;0;0;0;0;0;0;0;0;0;0;0;0;0;2;2;2;2;2;2;2;2;2;2;2;2;2;2;2;2;2;2;2;2;2;2;2;2;2;2;3;3;3;3;3;3;3;3;3;3;3;3;3;3;3;3;3;3;3;3;;
132;Terrore del Fienile;Terra;1;1;1;1;1;1;1;1;1;1;1;1;1;1;1;1;1;1;1;1;1;0;0;0;0;0;0;0;0;0;0;0;0;0;0;0;0;0;0;0;0;0;0;0;0;0;0;0;0;0;0;0;0;0;0;0;0;0;0;0;0;0;0;0;0;0;0;0;0;0;0;0;0;0;0;0;0;0;0;0;0;0;0;0;0;0;0;0;0;0;0;0;0;0;0;0;0;0;0;0;0;0;0;0;0;0;0;0;0;0;0;0;0;0;0;0;0;0;0;0;0;0;0;0;0;0;0;0;0;0;0;0;0;0;0;0;0;0;0;0;0;0;0;0;0;0;0;0;0;0;0;0;0;0;0;0;0;0;0;0;0;0;0;0;0;0;0;0;0;0;0;0;0;0;0;0;0;0;0;0;0;0;0;0;0;0;0;0;0;0;0;0;;
133;Spauracchio Contadino;Terra;0;0;0;0;0;0;0;0;0;0;0;0;0;0;0;0;0;0;0;0;0;0;0;0;0;0;0;0;0;0;0;0;0;0;0;0;0;0;0;0;0;0;0;0;0;0;0;0;0;0;0;0;0;0;0;0;0;0;0;0;0;0;0;0;0;0;0;0;0;0;0;0;0;0;0;0;0;0;0;0;0;0;0;0;0;0;0;0;0;0;0;0;0;0;0;0;0;0;0;0;0;0;0;0;0;0;0;0;0;0;0;0;0;0;0;0;0;0;0;0;0;0;0;0;0;0;0;0;0;0;0;0;0;0;0;0;0;0;0;0;0;0;0;0;0;0;2;2;2;2;2;2;2;2;2;2;2;2;2;2;2;2;2;2;2;2;2;2;2;2;2;2;2;2;2;2;3;3;3;3;3;3;3;3;3;3;3;3;3;3;3;3;;
134;Foglia Quantica;Erba;0;0;0;0;0;0;0;0;0;0;0;0;0;0;0;0;0;0;0;0;0;0;0;0;0;0;0;0;0;0;0;0;0;0;0;0;0;0;0;0;1;1;1;1;1;1;1;1;1;1;1;1;1;1;1;1;1;1;1;1;1;1;1;1;1;1;1;1;1;1;1;1;1;1;1;1;1;1;1;1;1;1;1;1;1;1;1;1;1;1;1;1;1;1;1;1;0;0;0;0;0;0;0;0;0;0;0;0;0;0;0;0;0;0;0;0;0;0;0;0;0;0;0;0;0;0;1;1;1;1;1;1;1;1;1;1;1;1;1;1;1;1;1;1;1;1;1;1;2;2;2;2;2;2;2;2;2;2;2;2;2;2;2;2;2;2;2;2;2;2;3;3;3;3;3;3;3;3;3;3;3;3;3;3;3;3;3;3;3;3;3;3;;
135;Incendio a Staffetta;Fuoco;0;0;0;0;0;0;0;0;0;0;0;0;0;0;0;0;0;0;0;0;0;0;0;0;0;0;0;0;0;0;0;0;0;0;0;0;0;0;0;0;1;1;1;1;1;1;1;1;1;1;1;1;1;1;1;1;1;1;1;1;1;1;1;1;1;1;1;1;1;1;1;1;1;1;1;1;1;1;1;1;1;1;1;1;1;1;1;1;1;1;1;1;1;1;1;1;0;0;0;0;0;0;0;0;0;0;0;0;0;0;0;0;0;0;0;0;0;0;0;0;0;0;0;0;1;1;1;1;1;1;1;1;1;1;1;1;1;1;1;1;1;1;1;1;2;2;2;2;2;2;2;2;2;2;2;2;2;2;2;2;2;2;2;2;3;3;3;3;3;3;3;3;3;3;3;3;3;3;3;3;3;3;3;3;4;4;4;4;4;4;4;4;;
136;Maremoto Sotterraneo;Terra;0;0;0;0;0;0;0;0;0;0;0;0;0;0;0;0;0;0;0;0;0;0;0;0;0;0;0;0;0;0;0;0;0;0;0;0;0;0;0;0;1;1;1;1;1;1;1;1;1;1;1;1;1;1;1;1;1;1;1;1;1;1;1;1;1;1;1;1;1;1;1;1;1;1;1;1;1;1;1;1;1;1;1;1;1;1;1;1;1;1;1;1;1;1;1;1;0;0;0;0;0;0;0;0;0;0;0;0;0;0;0;0;0;0;0;0;0;0;0;0;0;0;0;0;1;1;1;1;1;1;1;1;1;1;1;1;1;1;1;1;1;1;1;1;2;2;2;2;2;2;2;2;2;2;2;2;2;2;2;2;2;2;2;2;3;3;3;3;3;3;3;3;3;3;3;3;3;3;3;3;3;3;3;3;4;4;4;4;4;4;4;4;;
137;Sbattimuso;Normale;0;0;0;0;0;0;0;0;1;1;1;1;1;1;1;1;1;1;1;1;1;1;1;1;1;1;1;1;1;1;1;1;1;1;1;1;1;1;1;1;1;1;1;1;1;1;1;1;1;1;1;1;1;1;1;1;1;1;1;1;1;1;1;1;1;1;1;1;1;1;1;1;1;1;1;1;2;2;2;2;2;2;2;2;2;2;2;2;2;2;2;2;2;2;2;2;0;0;0;0;0;0;0;0;0;0;0;0;0;0;0;0;0;0;0;0;0;0;0;0;0;0;0;0;0;0;1;1;1;1;1;1;1;1;1;1;1;1;1;1;1;1;1;1;1;1;1;1;2;2;2;2;2;2;2;2;2;2;2;2;2;2;2;2;2;2;2;2;2;2;3;3;3;3;3;3;3;3;3;3;3;3;3;3;3;3;3;3;3;3;3;3;;
138;Dardo di Fiamma;Fuoco;1;1;1;1;1;1;1;1;1;1;0;0;0;0;0;0;0;0;0;0;0;0;0;0;0;0;0;0;0;0;0;0;0;0;0;0;0;0;0;0;0;0;0;0;0;0;0;0;0;0;0;0;0;0;0;0;0;0;0;0;0;0;0;0;0;0;0;0;0;0;0;0;0;0;0;0;0;0;0;0;0;0;0;0;0;0;0;0;0;0;0;0;0;0;0;0;1;1;1;1;1;1;1;1;1;1;0;0;0;0;0;0;0;0;0;0;0;0;0;0;0;0;0;0;0;0;0;0;0;0;0;0;0;0;0;0;0;0;0;0;0;0;0;0;0;0;0;0;0;0;0;0;0;0;0;0;0;0;0;0;0;0;0;0;0;0;0;0;0;0;0;0;0;0;0;0;0;0;0;0;0;0;0;0;0;0;0;0;0;0;0;0;;
139;Pioggia di Scintille;Fuoco;0;0;0;0;0;0;0;0;0;0;2;2;2;2;2;2;2;2;2;2;2;2;2;2;2;2;2;2;2;2;0;0;0;0;0;0;0;0;0;0;0;0;0;0;0;0;0;0;0;0;0;0;0;0;0;0;0;0;0;0;0;0;0;0;0;0;0;0;0;0;0;0;0;0;0;0;0;0;0;0;0;0;0;0;0;0;0;0;0;0;0;0;0;0;0;0;0;0;0;0;0;0;0;0;0;0;1;1;1;1;1;1;1;2;2;2;2;2;2;2;3;3;3;3;3;3;0;0;0;0;0;0;0;0;0;0;0;0;0;0;0;0;0;0;0;0;0;0;0;0;0;0;0;0;0;0;0;0;0;0;0;0;0;0;0;0;0;0;0;0;0;0;0;0;0;0;0;0;0;0;0;0;0;0;0;0;0;0;0;0;0;0;;
140;Furia Fuliggine;Fuoco;0;0;0;0;0;0;0;0;0;0;0;0;0;0;0;0;0;0;0;0;0;0;0;0;0;0;0;0;0;0;3;3;3;3;3;3;3;3;3;3;3;3;3;3;3;3;3;3;3;3;0;0;0;0;0;0;0;0;0;0;0;0;0;0;0;0;0;0;0;0;0;0;0;0;0;0;0;0;0;0;0;0;0;0;0;0;0;0;0;0;0;0;0;0;0;0;0;0;0;0;0;0;0;0;0;0;0;0;0;0;0;0;0;0;0;0;0;0;0;0;0;0;0;0;0;0;0;0;0;0;0;0;0;0;0;0;0;0;0;0;0;0;0;0;0;0;0;0;0;0;0;0;0;0;0;0;0;0;0;0;0;0;0;0;0;0;0;0;0;0;0;0;0;0;0;0;0;0;0;0;0;0;0;0;0;0;0;0;0;0;0;0;;
141;Mantello di Carbone;Fuoco;0;0;0;0;0;0;0;0;0;0;0;0;0;0;0;0;0;0;0;0;0;0;0;0;0;0;0;0;0;0;0;0;0;0;0;0;0;0;0;0;0;0;0;0;0;0;0;0;0;0;0;0;0;0;0;0;0;0;0;0;0;0;0;0;0;0;0;0;0;0;0;0;0;0;0;0;0;0;0;0;0;0;0;0;0;0;0;0;0;0;0;0;0;0;0;0;0;0;0;0;0;0;0;0;0;0;0;0;0;0;0;0;0;0;0;0;0;0;0;0;0;0;0;0;0;0;0;0;0;0;0;0;0;0;0;0;0;0;0;0;0;0;0;0;0;0;0;0;0;0;0;0;0;0;0;0;0;0;0;0;0;0;0;0;0;0;0;0;0;0;0;0;0;0;0;0;0;0;0;0;0;0;0;0;0;0;0;0;0;0;0;0;;
142;Sguardo Minaccioso;Oscuritŕ;1;1;1;1;1;1;1;1;1;1;1;1;1;1;0;0;0;0;0;0;0;0;0;0;0;0;0;0;0;0;0;0;0;0;0;0;0;0;0;0;0;0;0;0;0;0;0;0;0;0;0;0;0;0;0;0;0;0;0;0;0;0;0;0;0;0;0;0;0;0;0;0;0;0;0;0;0;0;0;0;0;0;0;0;0;0;0;0;0;0;0;0;0;0;0;0;0;0;0;0;0;0;0;0;0;0;0;0;0;0;0;0;0;0;0;0;0;0;0;0;0;0;0;0;0;0;0;0;0;0;0;0;0;0;0;0;0;0;0;0;0;0;0;0;0;0;0;0;0;0;0;0;0;0;0;0;0;0;0;0;0;0;0;0;0;0;0;0;0;0;0;0;0;0;0;0;0;0;0;0;0;0;0;0;0;0;0;0;0;0;0;0;;
143;Ombra Rossa;Oscuritŕ;0;0;0;0;0;0;0;0;0;0;0;0;0;0;2;2;2;2;2;2;2;2;2;2;2;2;2;2;2;2;2;2;2;2;2;0;0;0;0;0;0;0;0;0;0;0;0;0;0;0;0;0;0;0;0;0;0;0;0;0;0;0;0;0;0;0;0;0;0;0;0;0;0;0;0;0;0;0;0;0;0;0;0;0;0;0;0;0;0;0;0;0;0;0;0;0;0;0;0;0;0;0;0;0;0;0;0;0;0;0;0;0;0;0;0;0;0;0;0;0;0;0;0;0;0;0;0;0;0;0;0;0;0;0;0;0;0;0;0;0;0;0;0;0;0;0;0;0;0;0;0;0;0;0;0;0;0;0;0;0;0;0;0;0;0;0;0;0;0;0;0;0;0;0;0;0;0;0;0;0;0;0;0;0;0;0;0;0;0;0;0;0;;
144;Piaga delle Tenebre;Oscuritŕ;0;0;0;0;0;0;0;0;0;0;0;0;0;0;0;0;0;0;0;0;0;0;0;0;0;0;0;0;0;0;0;0;0;0;0;0;0;0;0;0;0;0;0;0;0;0;0;0;0;0;0;0;0;0;0;0;0;0;0;0;0;0;0;0;0;0;0;0;0;0;0;0;0;0;0;0;0;0;0;0;0;0;0;0;0;0;0;0;0;0;0;0;0;0;0;0;0;0;0;0;0;0;0;0;0;0;0;0;0;0;0;0;0;0;0;0;0;0;0;0;0;0;0;0;0;0;0;0;0;0;0;0;0;0;0;0;0;0;0;0;0;0;0;0;0;0;0;0;0;0;0;0;0;0;0;0;0;0;0;0;0;0;0;0;0;0;0;0;0;0;0;0;0;0;1;1;1;1;1;1;1;1;1;1;1;1;1;1;1;1;1;1;;
145;Lancio di Libri;Normale;1;1;1;1;1;1;1;1;1;1;1;1;1;1;0;0;0;0;0;0;0;0;0;0;0;0;0;0;0;0;0;0;0;0;0;0;0;0;0;0;0;0;0;0;0;0;0;0;0;0;0;0;0;0;0;0;0;0;0;0;0;0;0;0;0;0;0;0;0;0;0;0;0;0;0;0;0;0;0;0;0;0;0;0;0;0;0;0;0;0;0;0;0;0;0;0;0;0;0;0;0;0;0;0;0;0;0;0;0;0;0;0;0;0;0;0;0;0;0;0;0;0;0;0;0;0;0;0;0;0;0;0;0;0;0;0;0;0;0;0;0;0;0;0;0;0;0;0;0;0;0;0;0;0;0;0;0;0;0;0;0;0;0;0;0;0;0;0;0;0;0;0;0;0;0;0;0;0;0;0;0;0;0;0;0;0;0;0;0;0;0;0;;
146;Pugno Saggio;Normale;0;0;0;0;0;0;0;0;0;0;0;0;0;0;0;0;0;0;0;0;0;0;0;0;0;0;0;0;0;0;0;0;0;0;0;0;0;0;0;0;0;0;0;0;0;0;0;0;0;0;0;0;0;0;0;0;0;0;0;0;0;0;0;0;0;0;0;0;0;0;0;0;0;0;0;0;0;0;0;0;0;0;0;0;0;0;0;0;0;0;0;0;0;0;0;0;0;0;0;0;0;0;0;0;0;0;0;0;0;0;0;0;0;0;0;0;0;0;0;0;0;0;0;0;0;0;0;0;0;0;0;0;0;0;0;0;0;0;0;0;0;0;0;0;0;0;0;0;0;0;0;0;0;0;0;0;0;0;0;0;0;0;0;0;0;0;0;0;0;0;0;0;0;0;0;0;0;0;0;0;0;0;0;0;0;0;0;0;0;0;0;0;;
147;Conoscenza Antica;Normale;0;0;0;0;0;0;0;0;0;0;0;0;0;0;0;0;0;0;0;0;0;0;0;0;0;0;0;0;0;0;0;0;0;0;0;0;0;0;0;0;0;0;0;0;0;0;0;0;0;0;0;0;0;0;0;0;0;0;0;0;0;0;0;0;0;0;0;0;0;0;0;0;0;0;0;0;0;0;0;0;0;0;0;0;0;0;0;0;0;0;0;0;0;0;0;0;0;0;0;0;0;0;0;0;0;0;0;0;0;0;0;0;0;0;0;0;0;0;0;0;0;0;0;0;0;0;0;0;0;0;0;0;0;0;0;0;0;0;0;0;0;0;0;0;0;0;0;0;0;0;0;0;0;0;0;0;0;0;0;0;0;0;0;0;0;0;0;0;0;0;0;0;0;0;2;2;2;2;2;2;2;2;2;2;2;2;2;2;2;2;2;2;;
148;Salto Idroelettrico;Acqua;1;1;1;1;1;1;1;1;1;1;1;1;1;1;0;0;0;0;0;0;0;0;0;0;0;0;0;0;0;0;0;0;0;0;0;0;0;0;0;0;0;0;0;0;0;0;0;0;0;0;0;0;0;0;0;0;0;0;0;0;0;0;0;0;0;0;0;0;0;0;0;0;0;0;0;0;0;0;0;0;0;0;0;0;0;0;0;0;0;0;0;0;0;0;0;0;0;0;0;0;0;0;0;0;0;0;0;0;0;0;0;0;0;0;0;0;0;0;0;0;0;0;0;0;0;0;0;0;0;0;0;0;0;0;0;0;0;0;0;0;0;0;0;0;0;0;0;0;0;0;0;0;0;0;0;0;0;0;0;0;0;0;0;0;0;0;0;0;0;0;0;0;0;0;0;0;0;0;0;0;0;0;0;0;0;0;0;0;0;0;0;0;;
149;Cascata Elettrificata;Acqua;0;0;0;0;0;0;0;0;0;0;0;0;0;0;1;1;1;1;1;1;1;1;1;1;1;1;1;1;1;1;1;1;1;1;1;0;0;0;0;0;0;0;0;0;0;0;0;0;0;0;0;0;0;0;0;0;0;0;0;0;0;0;0;0;0;0;0;0;0;0;0;0;0;0;0;0;0;0;0;0;0;0;0;0;0;0;0;0;0;0;0;0;0;0;0;0;0;0;0;0;0;0;0;0;0;0;0;0;0;0;0;0;0;0;0;0;0;0;0;0;0;0;0;0;0;0;0;0;0;0;0;0;0;0;0;0;0;0;0;0;0;0;0;0;0;0;0;0;0;0;0;0;0;0;0;0;0;0;0;0;0;0;0;0;0;0;0;0;0;0;0;0;0;0;0;0;0;0;0;0;0;0;0;0;0;0;0;0;0;0;0;0;;
150;Idroscarica;Acqua;0;0;0;0;0;0;0;0;0;0;0;0;0;0;0;0;0;0;0;0;0;0;0;0;0;0;0;0;0;0;0;0;0;0;0;0;0;0;0;0;0;0;0;0;0;0;0;0;0;0;0;0;0;0;0;0;0;0;0;0;0;0;0;0;0;0;0;0;0;0;0;0;0;0;0;0;0;0;0;0;0;0;0;0;0;0;0;0;0;0;0;0;0;0;0;0;0;0;0;0;0;0;0;0;0;0;0;0;0;0;0;0;0;0;0;0;0;0;0;0;0;0;0;0;0;0;0;0;0;0;0;0;0;0;0;0;0;0;0;0;0;0;0;0;0;0;0;0;0;0;0;0;0;0;0;0;0;0;0;0;0;0;0;0;0;0;0;0;0;0;0;0;0;0;1;1;1;1;1;1;1;1;1;1;1;1;1;1;1;1;1;1;;
151;Scatto veloce;Normale;1;1;1;1;1;1;1;1;1;1;1;1;1;1;1;1;1;1;1;1;1;0;0;0;0;0;0;0;0;0;0;0;0;0;0;0;0;0;0;0;0;0;0;0;0;0;0;0;0;0;0;0;0;0;0;0;0;0;0;0;0;0;0;0;0;0;0;0;0;0;0;0;0;0;0;0;0;0;0;0;0;0;0;0;0;0;0;0;0;0;0;0;0;0;0;0;0;0;0;0;0;0;0;0;0;0;0;0;0;0;0;0;0;0;0;0;1;0;0;0;0;0;0;0;0;0;0;0;0;0;0;0;0;0;0;0;0;0;0;0;0;0;0;0;0;0;0;0;0;0;0;0;0;0;0;0;0;0;0;0;0;0;0;0;0;0;0;0;0;0;0;0;0;0;0;0;0;0;0;0;0;0;0;0;0;0;0;0;0;0;0;0;;
152;Corsa inarrestabile;Normale;0;0;0;0;0;0;0;0;0;0;0;0;0;0;0;0;0;0;0;0;0;0;0;0;0;0;0;0;0;0;0;0;0;0;0;0;0;0;0;0;0;0;0;0;0;0;0;0;0;0;0;0;0;0;0;0;0;0;0;0;0;0;0;0;0;0;0;0;0;0;0;0;0;0;0;0;0;0;0;0;0;0;0;0;0;0;0;0;0;0;0;0;0;0;0;0;0;0;0;0;0;0;0;0;0;0;0;0;0;0;0;0;0;0;0;0;0;0;0;0;0;0;0;0;0;0;0;0;0;0;0;0;0;0;0;0;0;0;0;0;0;0;0;0;0;0;0;0;0;0;0;0;0;0;0;0;0;0;0;0;0;0;0;0;0;0;0;0;0;0;0;0;0;0;0;0;0;0;0;0;0;0;0;0;1;1;1;1;1;1;1;1;;
153;Respiro profondo;Normale;1;1;1;1;1;1;1;1;1;1;1;1;1;1;1;1;1;1;1;1;1;0;0;0;0;0;0;0;0;0;0;0;0;0;0;0;0;0;0;0;0;0;0;0;0;0;0;0;0;0;0;0;0;0;0;0;0;0;0;0;0;0;0;0;0;0;0;0;0;0;0;0;0;0;0;0;0;0;0;0;0;0;0;0;0;0;0;0;0;0;0;0;0;0;0;0;0;0;0;0;0;0;0;0;0;0;0;0;0;0;0;0;0;0;0;0;1;0;0;0;0;0;0;0;0;0;0;0;0;0;0;0;0;0;0;0;0;0;0;0;0;0;0;0;0;0;0;0;0;0;0;0;0;0;0;0;0;0;0;0;0;0;0;0;0;0;0;0;0;0;0;0;0;0;0;0;0;0;0;0;0;0;0;0;0;0;0;0;0;0;0;0;;
154;Tocco di pace;Normale;0;0;0;0;0;0;0;0;0;0;0;0;0;0;0;0;0;0;0;0;0;0;0;0;0;0;0;0;0;0;0;0;0;0;0;0;0;0;0;0;0;0;0;0;0;0;0;0;0;0;0;0;0;0;0;0;0;0;0;0;0;0;0;0;0;0;0;0;0;0;0;0;0;0;0;0;0;0;0;0;0;0;0;0;0;0;0;0;0;0;0;0;0;0;0;0;0;0;0;0;0;0;0;0;0;0;0;0;0;0;0;0;0;0;0;0;0;0;0;0;0;0;0;0;0;0;0;0;0;0;0;0;0;0;0;0;0;0;0;0;0;0;0;0;0;0;0;0;0;0;0;0;0;0;0;0;0;0;0;0;0;0;0;0;0;0;0;0;0;0;0;0;0;0;0;0;0;0;0;0;0;0;0;0;1;1;1;1;1;1;1;1;;
155;Volo Furtivo;Normale;0;0;0;0;0;0;0;0;0;0;0;0;0;0;0;0;0;0;0;0;0;0;0;0;0;0;0;0;0;0;0;0;0;0;0;0;0;0;0;0;0;0;0;0;0;0;0;0;0;0;0;0;0;0;0;0;0;0;0;0;0;0;0;0;0;0;0;0;0;0;0;0;0;0;0;0;0;0;0;0;0;0;0;0;0;0;0;0;0;0;0;0;0;0;0;0;0;0;0;0;0;0;0;0;0;0;0;0;0;0;0;0;0;0;0;0;0;0;0;0;0;0;0;0;0;0;0;0;0;0;0;0;0;0;0;0;0;0;0;0;0;0;0;0;0;0;0;0;0;0;0;0;0;0;0;0;0;0;0;0;0;0;0;0;0;0;0;0;0;0;0;0;0;0;0;0;0;0;0;0;0;0;0;0;0;0;0;0;0;0;0;0;;
156;Sferzata Celata;Normale;0;0;0;0;0;0;0;0;0;0;0;0;0;0;0;0;0;0;0;0;0;0;0;0;0;0;0;0;0;0;0;0;0;0;0;0;0;0;0;0;0;0;0;0;0;0;0;0;0;0;0;0;0;0;0;0;0;0;0;0;0;0;0;0;0;0;0;0;0;0;0;0;0;0;0;0;0;0;0;0;0;0;0;0;0;0;0;0;0;0;0;0;0;0;0;0;0;0;0;0;0;0;0;0;0;0;0;0;0;0;0;0;0;0;0;0;0;0;0;0;0;0;0;0;0;0;0;0;0;0;0;0;0;0;0;0;0;0;0;0;0;0;0;0;0;0;2;2;2;2;2;2;2;2;2;2;2;2;2;2;2;2;2;2;2;2;2;2;2;2;3;3;3;3;3;3;3;3;3;3;3;3;3;3;3;3;3;3;3;3;3;3;;
157;Fendente Ombraverde;Erba;0;0;0;0;0;0;0;0;0;0;0;0;0;0;0;0;0;0;0;0;0;0;0;0;0;0;0;0;0;0;0;0;0;0;0;0;0;0;0;0;0;0;0;0;0;0;0;0;0;0;0;0;0;0;0;0;0;0;0;0;0;0;0;0;0;0;0;0;0;0;0;0;0;0;0;0;0;0;0;0;0;0;0;0;0;0;0;0;0;0;0;0;0;0;0;0;0;0;0;0;0;0;0;0;0;0;0;0;0;0;0;0;0;0;0;0;0;0;0;0;0;0;0;0;0;0;0;0;0;0;0;0;0;0;0;0;0;0;0;0;0;0;0;0;0;0;0;0;0;0;0;0;0;0;0;0;0;0;0;0;0;0;0;0;0;0;0;0;0;0;0;0;0;0;0;0;0;0;0;0;0;0;0;0;0;0;0;0;0;0;0;0;;
158;Lama Sanguisuga;Erba;0;0;0;0;0;0;0;0;0;0;0;0;0;0;0;0;0;0;0;0;0;0;0;0;0;0;0;0;0;0;0;0;0;0;0;0;0;0;0;0;0;0;0;0;0;0;0;0;0;0;0;0;0;0;0;0;0;0;0;0;0;0;0;0;0;0;0;0;0;0;0;0;0;0;0;0;0;0;0;0;0;0;0;0;0;0;0;0;0;0;0;0;0;0;0;0;0;0;0;0;0;0;0;0;0;0;0;0;0;0;0;0;0;0;0;0;0;0;0;0;0;0;0;0;0;0;0;0;0;0;0;0;0;0;0;0;0;0;0;0;0;0;0;0;0;0;0;0;0;0;0;0;0;0;0;0;0;0;0;0;0;0;0;0;0;0;1;1;1;1;1;1;1;1;1;1;1;1;1;1;1;1;1;1;1;1;2;2;2;2;2;2;;
159;Leccata Fangosa;Terra;1;1;1;1;1;1;1;1;1;1;1;1;1;1;1;1;1;1;1;1;1;0;0;0;0;0;0;0;0;0;0;0;0;0;0;0;0;0;0;0;0;0;0;0;0;0;0;0;0;0;0;0;0;0;0;0;0;0;0;0;0;0;0;0;0;0;0;0;0;0;0;0;0;0;0;0;0;0;0;0;0;0;0;0;0;0;0;0;0;0;0;0;0;0;0;0;0;0;0;0;0;0;0;0;0;0;0;0;0;0;0;0;0;0;0;0;0;0;0;0;0;0;0;0;0;0;0;0;0;0;0;0;0;0;0;0;0;0;0;0;0;0;0;0;0;0;0;0;0;0;0;0;0;0;0;0;0;0;0;0;0;0;0;0;0;0;0;0;0;0;0;0;0;0;0;0;0;0;0;0;0;0;0;0;0;0;0;0;0;0;0;0;;
160;Baratro Melmoso;Terra;0;0;0;0;0;0;0;0;0;0;0;0;0;0;0;0;0;0;0;0;0;0;0;0;0;0;0;0;0;0;0;0;0;0;0;0;0;0;0;0;0;0;0;0;0;0;0;0;0;0;0;0;0;0;0;0;0;0;0;0;0;0;0;0;0;0;0;0;0;0;0;0;0;0;0;0;0;0;0;0;0;0;0;0;0;0;0;0;0;0;0;0;0;0;0;0;0;0;0;0;0;0;0;0;0;0;0;0;0;0;0;0;0;0;0;0;0;0;0;0;0;0;0;0;0;0;0;0;0;0;0;0;0;0;0;0;0;0;0;0;0;0;0;0;0;0;0;0;0;0;0;0;0;0;0;0;0;0;0;0;0;0;0;0;0;0;0;0;0;0;0;0;0;0;0;0;0;0;0;0;0;0;0;0;0;0;0;0;0;0;0;0;;
161;Richiamo del Bosco;Erba;0;0;0;0;0;0;0;0;0;0;0;0;0;0;0;0;0;0;0;0;0;0;0;0;0;0;0;0;0;0;0;0;0;0;0;0;0;0;0;0;1;1;1;1;1;1;1;1;1;1;1;1;1;1;1;1;1;1;1;1;1;1;1;1;1;1;1;1;1;1;1;1;1;1;1;1;1;1;1;1;1;1;1;1;1;1;1;1;1;1;1;1;1;1;1;1;0;0;0;0;0;0;0;0;0;0;0;0;0;0;0;0;0;0;0;0;0;0;0;0;0;0;1;1;1;1;1;1;1;1;1;1;1;1;1;1;1;1;1;1;2;2;2;2;2;2;2;2;2;2;2;2;2;2;2;2;2;2;3;3;3;3;3;3;3;3;3;3;3;3;3;3;3;3;3;3;4;4;4;4;4;4;4;4;4;4;4;4;4;4;4;4;;
162;Trappola Saltellante;Erba;0;0;0;0;0;0;0;0;0;0;0;0;0;0;0;0;0;0;0;0;0;0;0;0;0;0;0;0;0;0;0;0;0;0;0;0;0;0;0;0;1;1;1;1;1;1;1;1;1;1;1;1;1;1;1;1;1;1;1;1;1;1;1;1;1;1;1;1;1;1;1;1;1;1;1;1;1;1;1;1;1;1;1;1;1;1;1;1;1;1;1;1;1;1;1;1;0;0;0;0;0;0;0;0;1;1;1;1;1;1;1;1;1;1;1;1;2;2;2;2;2;2;2;2;2;2;2;2;3;3;3;3;3;3;3;3;3;3;3;3;4;4;4;4;4;4;4;4;4;4;4;4;5;5;5;5;5;5;5;5;5;5;5;5;6;6;6;6;6;6;6;6;6;6;6;6;7;7;7;7;7;7;7;7;7;7;7;7;8;8;8;8;;
163;Assalto Marziano;Normale;0;0;0;0;0;0;0;0;0;0;0;0;0;0;0;0;0;0;0;0;0;0;0;0;0;0;0;0;0;0;0;0;0;0;0;0;0;0;0;0;1;1;1;1;1;1;1;1;1;1;1;1;1;1;1;1;1;1;1;1;1;1;1;1;1;1;1;1;1;1;1;1;1;1;1;1;1;1;1;1;1;1;1;1;1;1;1;1;1;1;1;1;1;1;1;1;0;0;0;0;0;0;0;0;0;0;0;0;0;0;0;0;0;0;0;0;0;0;1;1;1;1;1;1;1;1;1;1;1;1;1;1;2;2;2;2;2;2;2;2;2;2;2;2;2;2;3;3;3;3;3;3;3;3;3;3;3;3;3;3;4;4;4;4;4;4;4;4;4;4;4;4;4;4;5;5;5;5;5;5;5;5;5;5;5;5;5;5;6;6;6;6;;
164;Canto del Crepuscolo;Oscuritŕ;0;0;0;0;0;0;0;0;0;0;0;0;0;0;0;0;0;0;0;0;0;0;0;0;0;0;0;0;0;0;0;0;0;0;0;0;0;0;0;0;1;1;1;1;1;1;1;1;1;1;1;1;1;1;1;1;1;1;1;1;1;1;1;1;1;1;1;1;1;1;1;1;1;1;1;1;1;1;1;1;1;1;1;1;1;1;1;1;1;1;1;1;1;1;1;1;0;0;0;0;0;0;0;0;0;0;0;0;0;0;0;0;0;0;0;0;0;0;0;0;0;0;0;0;0;0;0;0;0;0;0;0;0;0;0;0;0;0;0;0;0;0;0;0;0;0;0;0;0;0;0;0;0;0;0;0;0;0;0;0;0;0;0;0;0;0;0;0;0;0;0;0;0;0;0;0;0;0;0;0;0;0;0;0;0;0;0;0;0;0;0;0;;
165;Tocco Ghiacciato;Acqua;1;1;1;1;1;1;1;1;1;1;0;0;0;0;0;0;0;0;0;0;0;0;0;0;0;0;0;0;0;0;0;0;0;0;0;0;0;0;0;0;0;0;0;0;0;0;0;0;0;0;0;0;0;0;0;0;0;0;0;0;0;0;0;0;0;0;0;0;0;0;0;0;0;0;0;0;0;0;0;0;0;0;0;0;0;0;0;0;0;0;0;0;0;0;0;0;1;1;1;1;1;1;1;1;1;1;0;0;0;0;0;0;0;0;0;0;0;0;0;0;0;0;0;0;0;0;0;0;0;0;0;0;0;0;0;0;0;0;0;0;0;0;0;0;0;0;0;0;0;0;0;0;0;0;0;0;0;0;0;0;0;0;0;0;0;0;0;0;0;0;0;0;0;0;0;0;0;0;0;0;0;0;0;0;0;0;0;0;0;0;0;0;;
166;Squarcio Glaciale;Acqua;0;0;0;0;0;0;0;0;0;0;2;2;2;2;2;2;2;2;2;2;2;2;2;2;2;2;2;2;2;2;0;0;0;0;0;0;0;0;0;0;0;0;0;0;0;0;0;0;0;0;0;0;0;0;0;0;0;0;0;0;0;0;0;0;0;0;0;0;0;0;0;0;0;0;0;0;0;0;0;0;0;0;0;0;0;0;0;0;0;0;0;0;0;0;0;0;0;0;0;0;0;0;0;0;0;0;1;1;1;1;1;1;1;2;2;2;2;2;2;2;3;3;3;3;3;3;0;0;0;0;0;0;0;0;0;0;0;0;0;0;0;0;0;0;0;0;0;0;0;0;0;0;0;0;0;0;0;0;0;0;0;0;0;0;0;0;0;0;0;0;0;0;0;0;0;0;0;0;0;0;0;0;0;0;0;0;0;0;0;0;0;0;;
167;Fredda Illusione;Acqua;0;0;0;0;0;0;0;0;0;0;0;0;0;0;0;0;0;0;0;0;0;0;0;0;0;0;0;0;0;0;3;3;3;3;3;3;3;3;3;3;3;3;3;3;3;3;3;3;3;3;0;0;0;0;0;0;0;0;0;0;0;0;0;0;0;0;0;0;0;0;0;0;0;0;0;0;0;0;0;0;0;0;0;0;0;0;0;0;0;0;0;0;0;0;0;0;0;0;0;0;0;0;0;0;0;0;0;0;0;0;0;0;0;0;0;0;0;0;0;0;0;0;0;0;0;0;0;0;0;0;0;0;0;0;0;0;0;0;0;0;0;0;0;0;0;0;0;0;0;0;0;0;0;0;0;0;0;0;0;0;0;0;0;0;0;0;0;0;0;0;0;0;0;0;0;0;0;0;0;0;0;0;0;0;0;0;0;0;0;0;0;0;;
168;Bora Eterea;Acqua;0;0;0;0;0;0;0;0;0;0;0;0;0;0;0;0;0;0;0;0;0;0;0;0;0;0;0;0;0;0;0;0;0;0;0;0;0;0;0;0;0;0;0;0;0;0;0;0;0;0;0;0;0;0;0;0;0;0;0;0;0;0;0;0;0;0;0;0;0;0;0;0;0;0;0;0;0;0;0;0;0;0;0;0;0;0;0;0;0;0;0;0;0;0;0;0;0;0;0;0;0;0;0;0;0;0;0;0;0;0;0;0;0;0;0;0;0;0;0;0;0;0;0;0;0;0;0;0;0;0;0;0;0;0;0;0;0;0;0;0;0;0;0;0;0;0;0;0;0;0;0;0;0;0;0;0;0;0;0;0;0;0;0;0;0;0;0;0;0;0;0;0;0;0;0;0;0;0;0;0;0;0;0;0;0;0;0;0;0;0;0;0;;
169;Ronzio Psichico;Psico;1;1;1;1;1;1;1;1;1;1;1;1;1;1;0;0;0;0;0;0;0;0;0;0;0;0;0;0;0;0;0;0;0;0;0;0;0;0;0;0;0;0;0;0;0;0;0;0;0;0;0;0;0;0;0;0;0;0;0;0;0;0;0;0;0;0;0;0;0;0;0;0;0;0;0;0;0;0;0;0;0;0;0;0;0;0;0;0;0;0;0;0;0;0;0;0;0;0;0;0;0;0;0;0;0;0;0;0;0;0;0;0;0;0;0;0;0;0;0;0;0;0;0;0;0;0;0;0;0;0;0;0;0;0;0;0;0;0;0;0;0;0;0;0;0;0;0;0;0;0;0;0;0;0;0;0;0;0;0;0;0;0;0;0;0;0;0;0;0;0;0;0;0;0;0;0;0;0;0;0;0;0;0;0;0;0;0;0;0;0;0;0;;
170;Sciame Mentale;Psico;0;0;0;0;0;0;0;0;0;0;0;0;0;0;2;2;2;2;2;2;2;2;2;2;2;2;2;2;2;2;2;2;2;2;2;0;0;0;0;0;0;0;0;0;0;0;0;0;0;0;0;0;0;0;0;0;0;0;0;0;0;0;0;0;0;0;0;0;0;0;0;0;0;0;0;0;0;0;0;0;0;0;0;0;0;0;0;0;0;0;0;0;0;0;0;0;0;0;0;0;0;0;0;0;0;0;0;0;0;0;0;0;0;0;0;0;0;0;0;0;0;0;0;0;0;0;0;0;0;0;0;0;0;0;0;0;0;0;0;0;0;0;0;0;0;0;0;0;0;0;0;0;0;0;0;0;0;0;0;0;0;0;0;0;0;0;0;0;0;0;0;0;0;0;0;0;0;0;0;0;0;0;0;0;0;0;0;0;0;0;0;0;;
171;Organizzazione Psionica;Psico;0;0;0;0;0;0;0;0;0;0;0;0;0;0;0;0;0;0;0;0;0;0;0;0;0;0;0;0;0;0;0;0;0;0;0;0;0;0;0;0;0;0;0;0;0;0;0;0;0;0;0;0;0;0;0;0;0;0;0;0;0;0;0;0;0;0;0;0;0;0;0;0;0;0;0;0;0;0;0;0;0;0;0;0;0;0;0;0;0;0;0;0;0;0;0;0;0;0;0;0;0;0;0;0;0;0;0;0;0;0;0;0;0;0;0;0;0;0;0;0;0;0;0;0;0;0;0;0;0;0;0;0;0;0;0;0;0;0;0;0;0;0;0;0;0;0;0;0;0;0;0;0;0;0;0;0;0;0;0;0;0;0;0;0;0;0;0;0;0;0;0;0;0;0;0;0;0;0;0;0;0;0;0;0;0;0;0;0;0;0;0;0;;
172;Aspirafuoco;Fuoco;1;1;1;1;1;1;1;1;1;1;1;1;1;1;0;0;0;0;0;0;0;0;0;0;0;0;0;0;0;0;0;0;0;0;0;0;0;0;0;0;0;0;0;0;0;0;0;0;0;0;0;0;0;0;0;0;0;0;0;0;0;0;0;0;0;0;0;0;0;0;0;0;0;0;0;0;0;0;0;0;0;0;0;0;0;0;0;0;0;0;0;0;0;0;0;0;0;0;0;0;0;0;0;0;0;0;0;0;0;0;0;0;0;0;0;0;0;0;0;0;0;0;0;0;0;0;0;0;0;0;0;0;0;0;0;0;0;0;0;0;0;0;0;0;0;0;0;0;0;0;0;0;0;0;0;0;0;0;0;0;0;0;0;0;0;0;0;0;0;0;0;0;0;0;0;0;0;0;0;0;0;0;0;0;0;0;0;0;0;0;0;0;;
173;Aura Incandescente;Fuoco;0;0;0;0;0;0;0;0;0;0;0;0;0;0;0;0;0;0;0;0;0;0;0;0;0;0;0;0;0;0;0;0;0;0;0;0;0;0;0;0;0;0;0;0;0;0;0;0;0;0;0;0;0;0;0;0;0;0;0;0;0;0;0;0;0;0;0;0;0;0;0;0;0;0;0;0;0;0;0;0;0;0;0;0;0;0;0;0;0;0;0;0;0;0;0;0;0;0;0;0;0;0;0;0;0;0;0;0;0;0;0;0;0;0;0;0;0;0;0;0;0;0;0;0;0;0;0;0;0;0;0;0;0;0;0;0;0;0;0;0;0;0;0;0;0;0;0;0;0;0;0;0;0;0;0;0;0;0;0;0;0;0;0;0;0;0;0;0;0;0;0;0;0;0;0;0;0;0;0;0;0;0;0;0;0;0;0;0;0;0;0;0;;
174;Cannone Infernale;Fuoco;0;0;0;0;0;0;0;0;0;0;0;0;0;0;0;0;0;0;0;0;0;0;0;0;0;0;0;0;0;0;0;0;0;0;0;0;0;0;0;0;0;0;0;0;0;0;0;0;0;0;0;0;0;0;0;0;0;0;0;0;0;0;0;0;0;0;0;0;0;0;0;0;0;0;0;0;0;0;0;0;0;0;0;0;0;0;0;0;0;0;0;0;0;0;0;0;0;0;0;0;0;0;0;0;0;0;0;0;0;0;0;0;0;0;0;0;0;0;0;0;0;0;0;0;0;0;0;0;0;0;0;0;0;0;0;0;0;0;0;0;0;0;0;0;0;0;0;0;0;0;0;0;0;0;0;0;0;0;0;0;0;0;0;0;0;0;0;0;0;0;0;0;0;0;0;0;0;0;0;0;0;0;0;0;0;0;0;0;0;0;0;0;;
175;Spruzzata di Foglie;Acqua;1;1;1;1;1;1;1;1;1;1;1;1;1;1;0;0;0;0;0;0;0;0;0;0;0;0;0;0;0;0;0;0;0;0;0;0;0;0;0;0;0;0;0;0;0;0;0;0;0;0;0;0;0;0;0;0;0;0;0;0;0;0;0;0;0;0;0;0;0;0;0;0;0;0;0;0;0;0;0;0;0;0;0;0;0;0;0;0;0;0;0;0;0;0;0;0;0;0;0;0;0;0;0;0;0;0;0;0;0;0;0;0;0;0;0;0;0;0;0;0;0;0;0;0;0;0;0;0;0;0;0;0;0;0;0;0;0;0;0;0;0;0;0;0;0;0;0;0;0;0;0;0;0;0;0;0;0;0;0;0;0;0;0;0;0;0;0;0;0;0;0;0;0;0;0;0;0;0;0;0;0;0;0;0;0;0;0;0;0;0;0;0;;
176;Spirale Umida;Acqua;0;0;0;0;0;0;0;0;0;0;0;0;0;0;1;1;1;1;1;1;1;1;1;1;1;1;1;1;1;1;1;1;1;1;1;0;0;0;0;0;0;0;0;0;0;0;0;0;0;0;0;0;0;0;0;0;0;0;0;0;0;0;0;0;0;0;0;0;0;0;0;0;0;0;0;0;0;0;0;0;0;0;0;0;0;0;0;0;0;0;0;0;0;0;0;0;0;0;0;0;0;0;0;0;0;0;0;0;0;0;0;0;0;0;0;0;0;0;0;0;0;0;0;0;0;0;0;0;0;0;0;0;0;0;0;0;0;0;0;0;0;0;0;0;0;0;0;0;0;0;0;0;0;0;0;0;0;0;0;0;0;0;0;0;0;0;0;0;0;0;0;0;0;0;0;0;0;0;0;0;0;0;0;0;0;0;0;0;0;0;0;0;;
177;Alluvione di Germogli;Acqua;0;0;0;0;0;0;0;0;0;0;0;0;0;0;0;0;0;0;0;0;0;0;0;0;0;0;0;0;0;0;0;0;0;0;0;0;0;0;0;0;0;0;0;0;0;0;0;0;0;0;0;0;0;0;0;0;0;0;0;0;0;0;0;0;0;0;0;0;0;0;0;0;0;0;0;0;0;0;0;0;0;0;0;0;0;0;0;0;0;0;0;0;0;0;0;0;0;0;0;0;0;0;0;0;0;0;0;0;0;0;0;0;0;0;0;0;0;0;0;0;0;0;0;0;0;0;0;0;0;0;0;0;0;0;0;0;0;0;0;0;0;0;0;0;0;0;0;0;0;0;0;0;0;0;0;0;0;0;0;0;0;0;0;0;0;0;0;0;0;0;0;0;0;0;0;0;0;0;0;0;0;0;0;0;0;0;0;0;0;0;0;0;;
178;Scintilla Lunare;Fuoco;1;1;1;1;1;1;1;1;1;1;1;1;1;1;1;1;1;1;1;1;1;0;0;0;0;0;0;0;0;0;0;0;0;0;0;0;0;0;0;0;0;0;0;0;0;0;0;0;0;0;0;0;0;0;0;0;0;0;0;0;0;0;0;0;0;0;0;0;0;0;0;0;0;0;0;0;0;0;0;0;0;0;0;0;0;0;0;0;0;0;0;0;0;0;0;0;0;0;0;0;0;0;0;0;0;0;0;0;0;0;0;0;0;0;0;0;1;0;0;0;0;0;0;0;0;0;0;0;0;0;0;0;0;0;0;0;0;0;0;0;0;0;0;0;0;0;0;0;0;0;0;0;0;0;0;0;0;0;0;0;0;0;0;0;0;0;0;0;0;0;0;0;0;0;0;0;0;0;0;0;0;0;0;0;0;0;0;0;0;0;0;0;;
179;Eclissi Infuocata;Fuoco;0;0;0;0;0;0;0;0;0;0;0;0;0;0;0;0;0;0;0;0;0;0;0;0;0;0;0;0;0;0;0;0;0;0;0;0;0;0;0;0;0;0;0;0;0;0;0;0;0;0;0;0;0;0;0;0;0;0;0;0;0;0;0;0;0;0;0;0;0;0;0;0;0;0;0;0;0;0;0;0;0;0;0;0;0;0;0;0;0;0;0;0;0;0;0;0;0;0;0;0;0;0;0;0;0;0;0;0;0;0;0;0;0;0;0;0;0;0;0;0;0;0;0;0;0;0;0;0;0;0;0;0;0;0;0;0;0;0;0;0;0;0;0;0;0;0;0;0;0;0;0;0;0;0;0;0;0;0;0;0;0;0;0;0;0;0;0;0;0;0;0;0;0;0;0;0;0;0;0;0;0;0;0;0;1;1;1;1;1;1;1;1;;
180;Puntura veloce;Normale;1;1;1;1;1;1;1;1;1;1;1;1;1;1;1;1;1;1;1;1;1;0;0;0;0;0;0;0;0;0;0;0;0;0;0;0;0;0;0;0;0;0;0;0;0;0;0;0;0;0;0;0;0;0;0;0;0;0;0;0;0;0;0;0;0;0;0;0;0;0;0;0;0;0;0;0;0;0;0;0;0;0;0;0;0;0;0;0;0;0;0;0;0;0;0;0;0;0;0;0;0;0;0;0;0;0;0;0;0;0;0;0;0;0;0;0;0;0;0;0;0;0;0;0;0;0;0;0;0;0;0;0;0;0;0;0;0;0;0;0;0;0;0;0;0;0;0;0;0;0;0;0;0;0;0;0;0;0;0;0;0;0;0;0;0;0;0;0;0;0;0;0;0;0;0;0;0;0;0;0;0;0;0;0;0;0;0;0;0;0;0;0;;
181;Danza del pungiglione;Normale;0;0;0;0;0;0;0;0;0;0;0;0;0;0;0;0;0;0;0;0;0;0;0;0;0;0;0;0;0;0;0;0;0;0;0;0;0;0;0;0;0;0;0;0;0;0;0;0;0;0;0;0;0;0;0;0;0;0;0;0;0;0;0;0;0;0;0;0;0;0;0;0;0;0;0;0;0;0;0;0;0;0;0;0;0;0;0;0;0;0;0;0;0;0;0;0;0;0;0;0;0;0;0;0;0;0;0;0;0;0;0;0;0;0;0;0;0;0;0;0;0;0;0;0;0;0;0;0;0;0;0;0;0;0;0;0;0;0;0;0;0;0;0;0;0;0;0;0;0;0;0;0;0;0;0;0;0;0;0;0;0;0;0;0;0;0;0;0;0;0;0;0;1;1;1;1;1;1;1;1;1;1;1;1;1;1;1;1;1;1;1;1;;
182;Colpo di Liana;Normale;0;0;0;0;0;0;0;0;0;0;0;0;0;0;0;0;0;0;0;0;0;0;0;0;0;0;0;0;0;0;0;0;0;0;0;0;0;0;0;0;0;0;0;0;0;0;0;0;0;0;0;0;0;0;0;0;0;0;0;0;0;0;0;0;0;0;0;0;0;0;0;0;0;0;0;0;0;0;0;0;0;0;0;0;0;0;0;0;0;0;0;0;0;0;0;0;0;0;0;0;0;0;0;0;0;0;0;0;0;0;0;0;0;0;0;0;0;0;0;0;0;0;0;0;0;0;0;0;0;0;0;0;0;0;0;0;0;0;0;0;0;0;0;0;0;0;0;0;0;0;0;0;0;0;0;0;0;0;0;0;0;0;0;0;0;0;0;0;0;0;0;0;0;0;0;0;0;0;0;0;0;0;0;0;0;0;0;0;0;0;0;0;;
183;Agguato Silvestre;Normale;0;0;0;0;0;0;0;0;0;0;0;0;0;0;0;0;0;0;0;0;0;0;0;0;0;0;0;0;0;0;0;0;0;0;0;0;0;0;0;0;0;0;0;0;0;0;0;0;0;0;0;0;0;0;0;0;0;0;0;0;0;0;0;0;0;0;0;0;0;0;0;0;0;0;0;0;0;0;0;0;0;0;0;0;0;0;0;0;0;0;0;0;0;0;0;0;0;0;0;0;0;0;0;0;0;0;0;0;0;0;0;0;0;0;0;0;0;0;0;0;0;0;0;0;0;0;0;0;0;0;0;0;0;0;0;0;0;0;0;0;0;0;0;0;0;0;0;0;0;0;0;0;0;0;0;0;0;0;0;0;0;0;0;0;0;0;0;0;1;1;1;1;1;1;1;1;1;1;1;1;1;1;1;1;1;1;1;1;1;1;2;2;;
184;Ruggito fulminante;Elettro;1;1;1;1;1;1;1;1;1;1;1;1;1;1;1;1;1;1;1;1;1;0;0;0;0;0;0;0;0;0;0;0;0;0;0;0;0;0;0;0;0;0;0;0;0;0;0;0;0;0;0;0;0;0;0;0;0;0;0;0;0;0;0;0;0;0;0;0;0;0;0;0;0;0;0;0;0;0;0;0;0;0;0;0;0;0;0;0;0;0;0;0;0;0;0;0;0;0;0;0;0;0;0;0;0;0;0;0;0;0;0;0;0;0;0;0;0;0;0;0;0;0;0;0;0;0;0;0;0;0;0;0;0;0;0;0;0;0;0;0;0;0;0;0;0;0;0;0;0;0;0;0;0;0;0;0;0;0;0;0;0;0;0;0;0;0;0;0;0;0;0;0;0;0;0;0;0;0;0;0;0;0;0;0;0;0;0;0;0;0;0;0;;
185;Tuono regale;Elettro;0;0;0;0;0;0;0;0;0;0;0;0;0;0;0;0;0;0;0;0;0;0;0;0;0;0;0;0;0;0;0;0;0;0;0;0;0;0;0;0;0;0;0;0;0;0;0;0;0;0;0;0;0;0;0;0;0;0;0;0;0;0;0;0;0;0;0;0;0;0;0;0;0;0;0;0;0;0;0;0;0;0;0;0;0;0;0;0;0;0;0;0;0;0;0;0;0;0;0;0;0;0;0;0;0;0;0;0;0;0;0;0;0;0;0;0;0;0;0;0;0;0;0;0;0;0;0;0;0;0;0;0;0;0;0;0;0;0;0;0;0;0;0;0;0;0;0;0;0;0;0;0;0;0;0;0;0;0;0;0;0;0;0;0;0;0;0;0;0;0;0;0;0;0;0;0;0;0;0;0;0;0;0;0;0;0;0;0;0;0;0;0;;
186;Braciere Profondo;Fuoco;1;1;1;1;1;1;1;1;1;1;1;1;1;1;1;1;1;1;1;1;1;0;0;0;0;0;0;0;0;0;0;0;0;0;0;0;0;0;0;0;0;0;0;0;0;0;0;0;0;0;0;0;0;0;0;0;0;0;0;0;0;0;0;0;0;0;0;0;0;0;0;0;0;0;0;0;0;0;0;0;0;0;0;0;0;0;0;0;0;0;0;0;0;0;0;0;0;0;0;0;0;0;0;0;0;0;0;0;0;0;0;0;0;0;0;0;0;0;0;0;0;0;0;0;0;0;0;0;0;0;0;0;0;0;0;0;0;0;0;0;0;0;0;0;0;0;0;0;0;0;0;0;0;0;0;0;0;0;0;0;0;0;0;0;0;0;0;0;0;0;0;0;0;0;0;0;0;0;0;0;0;0;0;0;0;0;0;0;0;0;0;0;;
187;Fiamma Sotterranea;Fuoco;0;0;0;0;0;0;0;0;0;0;0;0;0;0;0;0;0;0;0;0;0;0;0;0;0;0;0;0;0;0;0;0;0;0;0;0;0;0;0;0;0;0;0;0;0;0;0;0;0;0;0;0;0;0;0;0;0;0;0;0;0;0;0;0;0;0;0;0;0;0;0;0;0;0;0;0;0;0;0;0;0;0;0;0;0;0;0;0;0;0;0;0;0;0;0;0;0;0;0;0;0;0;0;0;0;0;0;0;0;0;0;0;0;0;0;0;0;0;0;0;0;0;0;0;0;0;0;0;0;0;0;0;0;0;0;0;0;0;0;0;0;0;0;0;0;0;0;0;0;0;0;0;0;0;0;0;0;0;0;0;0;0;0;0;0;0;0;0;0;0;0;0;0;0;0;0;0;0;0;0;0;0;0;0;0;0;0;0;0;0;0;0;;
188;Pulviscolo Ionizzate;Elettro;0;0;0;0;0;0;0;0;0;0;0;0;0;0;0;0;0;0;0;0;0;0;0;0;0;0;0;0;0;0;0;0;0;0;0;0;0;0;0;0;0;0;0;0;0;0;0;0;0;0;0;0;0;0;0;0;0;0;0;0;0;0;0;0;0;0;0;0;0;0;0;0;0;0;0;0;0;0;0;0;0;0;0;0;0;0;0;0;0;0;0;0;0;0;0;0;0;0;0;0;0;0;0;0;0;0;0;0;0;0;0;0;0;0;0;0;0;0;0;0;0;0;0;0;0;0;0;0;0;0;0;0;0;0;0;0;0;0;0;0;0;0;0;0;0;0;2;2;2;2;2;2;2;2;2;2;2;2;2;2;2;2;2;2;2;2;2;2;3;3;3;3;3;3;3;3;3;3;3;3;3;3;3;3;3;3;3;3;3;3;4;4;;
189;Gemma Smeraldina;Erba;0;0;0;0;0;0;0;0;0;0;0;0;0;0;0;0;0;0;0;0;0;0;0;0;0;0;0;0;0;0;0;0;0;0;0;0;0;0;0;0;1;1;1;1;1;1;1;1;1;1;1;1;1;1;1;1;1;1;1;1;1;1;1;1;1;1;1;1;1;1;1;1;1;1;1;1;1;1;1;1;1;1;1;1;1;1;1;1;1;1;1;1;1;1;1;1;0;0;0;0;0;0;0;0;0;0;0;0;0;0;0;0;0;0;0;0;0;0;0;0;0;0;1;1;1;1;1;1;1;1;1;1;1;1;1;1;1;1;1;1;2;2;2;2;2;2;2;2;2;2;2;2;2;2;2;2;2;2;3;3;3;3;3;3;3;3;3;3;3;3;3;3;3;3;3;3;4;4;4;4;4;4;4;4;4;4;4;4;4;4;4;4;;
190;Abbraccio Traballante;Erba;0;0;0;0;0;0;0;0;0;0;0;0;0;0;0;0;0;0;0;0;0;0;0;0;0;0;0;0;0;0;0;0;0;0;0;0;0;0;0;0;1;1;1;1;1;1;1;1;1;1;1;1;1;1;1;1;1;1;1;1;1;1;1;1;1;1;1;1;1;1;1;1;1;1;1;1;1;1;1;1;1;1;1;1;1;1;1;1;1;1;1;1;1;1;1;1;0;0;0;0;0;0;0;0;0;0;0;0;0;0;0;0;0;0;0;0;0;0;0;0;0;0;0;0;0;0;0;0;0;0;0;0;0;0;0;0;0;0;0;0;0;0;0;0;0;0;0;0;0;0;0;0;0;0;0;0;0;0;0;0;0;0;0;0;0;0;0;0;0;0;0;0;0;0;0;0;0;0;0;0;0;0;0;0;0;0;0;0;0;0;0;0;;
191;Surriscaldamento;Elettro;0;0;0;0;0;0;0;0;0;0;0;0;0;0;0;0;0;0;0;0;0;0;0;0;0;0;0;0;0;0;0;0;0;0;0;0;0;0;0;0;1;1;1;1;1;1;1;1;1;1;1;1;1;1;1;1;1;1;1;1;1;1;1;1;1;1;1;1;1;1;1;1;1;1;1;1;1;1;1;1;1;1;1;1;1;1;1;1;1;1;1;1;1;1;1;1;0;0;0;0;0;0;0;0;0;0;0;0;0;0;0;0;0;0;0;0;0;0;0;0;0;0;0;0;0;0;0;0;0;0;0;0;0;0;0;0;0;0;0;0;0;0;0;0;0;0;0;0;0;0;0;0;0;0;0;0;0;0;0;0;0;0;0;0;0;0;0;0;0;0;0;0;0;0;0;0;0;0;0;0;0;0;0;0;0;0;0;0;0;0;0;0;;
192;Scottatura;Fuoco;1;1;1;1;1;1;1;1;1;1;1;1;1;1;0;0;0;0;0;0;0;0;0;0;0;0;0;0;0;0;0;0;0;0;0;0;0;0;0;0;0;0;0;0;0;0;0;0;0;0;0;0;0;0;0;0;0;0;0;0;0;0;0;0;0;0;0;0;0;0;0;0;0;0;0;0;0;0;0;0;0;0;0;0;0;0;0;0;0;0;0;0;0;0;0;0;0;0;0;0;0;0;0;0;0;0;0;0;0;0;0;0;0;0;0;0;0;0;0;0;0;0;0;0;0;0;0;0;0;0;0;0;0;0;0;0;0;0;0;0;0;0;0;0;0;0;0;0;0;0;0;0;0;0;0;0;0;0;0;0;0;0;0;0;0;0;0;0;0;0;0;0;0;0;0;0;0;0;0;0;0;0;0;0;0;0;0;0;0;0;0;0;;
193;Sabbia Ardente;Fuoco;0;0;0;0;0;0;0;0;0;0;0;0;0;0;2;2;2;2;2;2;2;2;2;2;2;2;2;2;2;2;2;2;2;2;2;0;0;0;0;0;0;0;0;0;0;0;0;0;0;0;0;0;0;0;0;0;0;0;0;0;0;0;0;0;0;0;0;0;0;0;0;0;0;0;0;0;0;0;0;0;0;0;0;0;0;0;0;0;0;0;0;0;0;0;0;0;0;0;0;0;0;0;0;0;0;0;0;0;0;0;0;0;0;0;0;0;0;0;0;0;0;0;0;0;0;0;0;0;0;0;0;0;0;0;0;0;0;0;0;0;0;0;0;0;0;0;0;0;0;0;0;0;0;0;0;0;0;0;0;0;0;0;0;0;0;0;0;0;0;0;0;0;0;0;0;0;0;0;0;0;0;0;0;0;0;0;0;0;0;0;0;0;;
194;Tornado di Fuoco e Sabbia;Fuoco;0;0;0;0;0;0;0;0;0;0;0;0;0;0;0;0;0;0;0;0;0;0;0;0;0;0;0;0;0;0;0;0;0;0;0;0;0;0;0;0;0;0;0;0;0;0;0;0;0;0;0;0;0;0;0;0;0;0;0;0;0;0;0;0;0;0;0;0;0;0;0;0;0;0;0;0;0;0;0;0;0;0;0;0;0;0;0;0;0;0;0;0;0;0;0;0;0;0;0;0;0;0;0;0;0;0;0;0;0;0;0;0;0;0;0;0;0;0;0;0;0;0;0;0;0;0;0;0;0;0;0;0;0;0;0;0;0;0;0;0;0;0;0;0;0;0;0;0;0;0;0;0;0;0;0;0;0;0;0;0;0;0;0;0;0;0;0;0;0;0;0;0;0;0;0;0;0;0;0;0;0;0;0;0;0;0;0;0;0;0;0;0;;
195;Bruciatura Laser;Fuoco;1;1;1;1;1;1;1;1;1;1;1;1;1;1;0;0;0;0;0;0;0;0;0;0;0;0;0;0;0;0;0;0;0;0;0;0;0;0;0;0;0;0;0;0;0;0;0;0;0;0;0;0;0;0;0;0;0;0;0;0;0;0;0;0;0;0;0;0;0;0;0;0;0;0;0;0;0;0;0;0;0;0;0;0;0;0;0;0;0;0;0;0;0;0;0;0;0;0;0;0;0;0;0;0;0;0;0;0;0;0;0;0;0;0;0;0;0;0;0;0;0;0;0;0;0;0;0;0;0;0;0;0;0;0;0;0;0;0;0;0;0;0;0;0;0;0;0;0;0;0;0;0;0;0;0;0;0;0;0;0;0;0;0;0;0;0;0;0;0;0;0;0;0;0;0;0;0;0;0;0;0;0;0;0;0;0;0;0;0;0;0;0;;
196;Fiamma Futuristica;Fuoco;0;0;0;0;0;0;0;0;0;0;0;0;0;0;0;0;0;0;0;0;0;0;0;0;0;0;0;0;0;0;0;0;0;0;0;0;0;0;0;0;0;0;0;0;0;0;0;0;0;0;0;0;0;0;0;0;0;0;0;0;0;0;0;0;0;0;0;0;0;0;0;0;0;0;0;0;0;0;0;0;0;0;0;0;0;0;0;0;0;0;0;0;0;0;0;0;0;0;0;0;0;0;0;0;0;0;0;0;0;0;1;1;1;1;1;1;1;1;1;1;1;1;1;1;1;1;1;1;1;1;1;0;0;0;0;0;0;0;0;0;0;0;0;0;0;0;0;0;0;0;0;0;0;0;0;0;0;0;0;0;0;0;0;0;0;0;0;0;0;0;0;0;0;0;0;0;0;0;0;0;0;0;0;0;0;0;0;0;0;0;0;0;;
197;Scarica Pulsar;Fuoco;0;0;0;0;0;0;0;0;0;0;0;0;0;0;0;0;0;0;0;0;0;0;0;0;0;0;0;0;0;0;0;0;0;0;0;0;0;0;0;0;0;0;0;0;0;0;0;0;0;0;0;0;0;0;0;0;0;0;0;0;0;0;0;0;0;0;0;0;0;0;0;0;0;0;0;0;0;0;0;0;0;0;0;0;0;0;0;0;0;0;0;0;0;0;0;0;0;0;0;0;0;0;0;0;0;0;0;0;0;0;0;0;0;0;0;0;0;0;0;0;0;0;0;0;0;0;0;0;0;0;0;0;0;0;0;0;0;0;0;0;0;0;0;0;0;0;0;0;0;0;0;0;0;0;0;0;0;0;0;0;0;0;0;0;0;0;0;0;0;0;0;0;0;0;0;0;0;0;0;0;0;0;0;0;0;0;0;0;0;0;0;0;;
198;Polvere Ardente;Fuoco;1;1;1;1;1;1;1;1;1;1;1;1;1;1;0;0;0;0;0;0;0;0;0;0;0;0;0;0;0;0;0;0;0;0;0;0;0;0;0;0;0;0;0;0;0;0;0;0;0;0;0;0;0;0;0;0;0;0;0;0;0;0;0;0;0;0;0;0;0;0;0;0;0;0;0;0;0;0;0;0;0;0;0;0;0;0;0;0;0;0;0;0;0;0;0;0;0;0;0;0;0;0;0;0;0;0;0;0;0;0;0;0;0;0;0;0;0;0;0;0;0;0;0;0;0;0;0;0;0;0;0;0;0;0;0;0;0;0;0;0;0;0;0;0;0;0;0;0;0;0;0;0;0;0;0;0;0;0;0;0;0;0;0;0;0;0;0;0;0;0;0;0;0;0;0;0;0;0;0;0;0;0;0;0;0;0;0;0;0;0;0;0;;
199;Sfolgorio Magico;Fuoco;0;0;0;0;0;0;0;0;0;0;0;0;0;0;0;0;0;0;0;0;0;0;0;0;0;0;0;0;0;0;0;0;0;0;0;0;0;0;0;0;0;0;0;0;0;0;0;0;0;0;0;0;0;0;0;0;0;0;0;0;0;0;0;0;0;0;0;0;0;0;0;0;0;0;0;0;0;0;0;0;0;0;0;0;0;0;0;0;0;0;0;0;0;0;0;0;0;0;0;0;0;0;0;0;0;0;0;0;0;0;0;0;0;0;0;0;0;0;0;0;0;0;0;0;0;0;0;0;0;0;0;0;0;0;0;0;0;0;0;0;0;0;0;0;0;0;0;0;0;0;0;0;0;0;0;0;0;0;0;0;0;0;0;0;0;0;0;0;0;0;0;0;0;0;0;0;0;0;0;0;0;0;0;0;0;0;0;0;0;0;0;0;;
200;Turbinio di Fuochi Fatui;Fuoco;0;0;0;0;0;0;0;0;0;0;0;0;0;0;0;0;0;0;0;0;0;0;0;0;0;0;0;0;0;0;0;0;0;0;0;0;0;0;0;0;0;0;0;0;0;0;0;0;0;0;0;0;0;0;0;0;0;0;0;0;0;0;0;0;0;0;0;0;0;0;0;0;0;0;0;0;0;0;0;0;0;0;0;0;0;0;0;0;0;0;0;0;0;0;0;0;0;0;0;0;0;0;0;0;0;0;0;0;0;0;0;0;0;0;0;0;0;0;0;0;0;0;0;0;0;0;0;0;0;0;0;0;0;0;0;0;0;0;0;0;0;0;0;0;0;0;0;0;0;0;0;0;0;0;0;0;0;0;0;0;0;0;0;0;0;0;0;0;0;0;0;0;0;0;2;2;2;2;2;2;2;2;2;2;2;2;2;2;2;2;2;2;;
201;Nuotata Inquietante;Oscuritŕ;1;1;1;1;1;1;1;1;1;1;1;1;1;1;0;0;0;0;0;0;0;0;0;0;0;0;0;0;0;0;0;0;0;0;0;0;0;0;0;0;0;0;0;0;0;0;0;0;0;0;0;0;0;0;0;0;0;0;0;0;0;0;0;0;0;0;0;0;0;0;0;0;0;0;0;0;0;0;0;0;0;0;0;0;0;0;0;0;0;0;0;0;0;0;0;0;0;0;0;0;0;0;0;0;0;0;0;0;0;0;0;0;0;0;0;0;0;0;0;0;0;0;0;0;0;0;0;0;0;0;0;0;0;0;0;0;0;0;0;0;0;0;0;0;0;0;0;0;0;0;0;0;0;0;0;0;0;0;0;0;0;0;0;0;0;0;0;0;0;0;0;0;0;0;0;0;0;0;0;0;0;0;0;0;0;0;0;0;0;0;0;0;;
202;Squalo Ombra;Oscuritŕ;0;0;0;0;0;0;0;0;0;0;0;0;0;0;2;2;2;2;2;2;2;2;2;2;2;2;2;2;2;2;2;2;2;2;2;0;0;0;0;0;0;0;0;0;0;0;0;0;0;0;0;0;0;0;0;0;0;0;0;0;0;0;0;0;0;0;0;0;0;0;0;0;0;0;0;0;0;0;0;0;0;0;0;0;0;0;0;0;0;0;0;0;0;0;0;0;0;0;0;0;0;0;0;0;0;0;0;0;0;0;0;0;0;0;0;0;0;0;0;0;0;0;0;0;0;0;0;0;0;0;0;0;0;0;0;0;0;0;0;0;0;0;0;0;0;0;0;0;0;0;0;0;0;0;0;0;0;0;0;0;0;0;0;0;0;0;0;0;0;0;0;0;0;0;0;0;0;0;0;0;0;0;0;0;0;0;0;0;0;0;0;0;;
203;Fauci dell'abisso;Oscuritŕ;0;0;0;0;0;0;0;0;0;0;0;0;0;0;0;0;0;0;0;0;0;0;0;0;0;0;0;0;0;0;0;0;0;0;0;0;0;0;0;0;0;0;0;0;0;0;0;0;0;0;0;0;0;0;0;0;0;0;0;0;0;0;0;0;0;0;0;0;0;0;0;0;0;0;0;0;0;0;0;0;0;0;0;0;0;0;0;0;0;0;0;0;0;0;0;0;0;0;0;0;0;0;0;0;0;0;0;0;0;0;0;0;0;0;0;0;0;0;0;0;0;0;0;0;0;0;0;0;0;0;0;0;0;0;0;0;0;0;0;0;0;0;0;0;0;0;0;0;0;0;0;0;0;0;0;0;0;0;0;0;0;0;0;0;0;0;0;0;0;0;0;0;0;0;1;1;1;1;1;1;1;1;1;1;1;1;1;1;1;1;1;1;;
204;Eco del Guardiano;Oscuritŕ;1;1;1;1;1;1;1;1;1;1;1;1;1;1;1;1;1;1;1;1;1;0;0;0;0;0;0;0;0;0;0;0;0;0;0;0;0;0;0;0;0;0;0;0;0;0;0;0;0;0;0;0;0;0;0;0;0;0;0;0;0;0;0;0;0;0;0;0;0;0;0;0;0;0;0;0;0;0;0;0;0;0;0;0;0;0;0;0;0;0;0;0;0;0;0;0;0;0;0;0;0;0;0;0;0;0;0;0;0;0;0;0;0;0;0;0;0;0;0;0;0;0;0;0;0;0;0;0;0;0;0;0;0;0;0;0;0;0;0;0;0;0;0;0;0;0;0;0;0;0;0;0;0;0;0;0;0;0;0;0;0;0;0;0;0;0;0;0;0;0;0;0;0;0;0;0;0;0;0;0;0;0;0;0;0;0;0;0;0;0;0;0;;
205;Presenza Custode;Oscuritŕ;0;0;0;0;0;0;0;0;0;0;0;0;0;0;0;0;0;0;0;0;0;0;0;0;0;0;0;0;0;0;0;0;0;0;0;0;0;0;0;0;0;0;0;0;0;0;0;0;0;0;0;0;0;0;0;0;0;0;0;0;0;0;0;0;0;0;0;0;0;0;0;0;0;0;0;0;0;0;0;0;0;0;0;0;0;0;0;0;0;0;0;0;0;0;0;0;0;0;0;0;0;0;0;0;0;0;0;0;0;0;0;0;0;0;0;0;0;0;0;0;0;0;0;0;0;0;0;0;0;0;0;0;0;0;0;0;0;0;0;0;0;0;0;0;0;0;0;0;0;0;0;0;0;0;0;0;0;0;0;0;0;0;0;0;0;0;0;0;0;0;0;0;0;0;0;0;0;0;0;0;0;0;0;0;1;1;1;1;1;1;1;1;;
206;Fumo Inquieto;Fuoco;1;1;1;1;1;1;1;1;1;1;1;1;1;1;1;1;1;1;1;1;1;0;0;0;0;0;0;0;0;0;0;0;0;0;0;0;0;0;0;0;0;0;0;0;0;0;0;0;0;0;0;0;0;0;0;0;0;0;0;0;0;0;0;0;0;0;0;0;0;0;0;0;0;0;0;0;0;0;0;0;0;0;0;0;0;0;0;0;0;0;0;0;0;0;0;0;0;0;0;0;0;0;0;0;0;0;0;0;0;0;0;0;0;0;0;0;0;0;0;0;0;0;0;0;0;0;0;0;0;0;0;0;0;0;0;0;0;0;0;0;0;0;0;0;0;0;0;0;0;0;0;0;0;0;0;0;0;0;0;0;0;0;0;0;0;0;0;0;0;0;0;0;0;0;0;0;0;0;0;0;0;0;0;0;0;0;0;0;0;0;0;0;;
207;Fiamma a 270°;Fuoco;0;0;0;0;0;0;0;0;0;0;0;0;0;0;0;0;0;0;0;0;0;0;0;0;0;0;0;0;0;0;0;0;0;0;0;0;0;0;0;0;0;0;0;0;0;0;0;0;0;0;0;0;0;0;0;0;0;0;0;0;0;0;0;0;0;0;0;0;0;0;0;0;0;0;0;0;0;0;0;0;0;0;0;0;0;0;0;0;0;0;0;0;0;0;0;0;0;0;0;0;0;0;0;0;0;0;0;0;0;0;0;0;0;0;0;0;0;0;0;0;0;0;0;0;0;0;0;0;0;0;0;0;0;0;0;0;0;0;0;0;0;0;0;0;0;0;0;0;0;0;0;0;0;0;0;0;0;0;1;1;1;1;1;1;1;1;1;1;1;1;2;2;2;2;2;2;2;2;2;2;2;2;3;3;3;3;3;3;3;3;3;3;;
208;Morsa Terrigena;Terra;1;1;1;1;1;1;1;1;1;1;1;1;1;1;1;1;1;1;1;1;1;0;0;0;0;0;0;0;0;0;0;0;0;0;0;0;0;0;0;0;0;0;0;0;0;0;0;0;0;0;0;0;0;0;0;0;0;0;0;0;0;0;0;0;0;0;0;0;0;0;0;0;0;0;0;0;0;0;0;0;0;0;0;0;0;0;0;0;0;0;0;0;0;0;0;0;0;0;0;0;0;0;0;0;0;0;0;0;0;0;0;0;0;0;1;1;1;0;0;0;0;0;0;0;0;0;0;0;0;0;0;0;0;0;0;0;0;0;0;0;0;0;0;0;0;0;0;0;0;0;0;0;0;0;0;0;0;0;0;0;0;0;0;0;0;0;0;0;0;0;0;0;0;0;0;0;0;0;0;0;0;0;0;0;0;0;0;0;0;0;0;0;;
209;Soffocaterra;Terra;0;0;0;0;0;0;0;0;0;0;0;0;0;0;0;0;0;0;0;0;0;0;0;0;0;0;0;0;0;0;0;0;0;0;0;0;0;0;0;0;0;0;0;0;0;0;0;0;0;0;0;0;0;0;0;0;0;0;0;0;0;0;0;0;0;0;0;0;0;0;0;0;0;0;0;0;0;0;0;0;0;0;0;0;0;0;0;0;0;0;0;0;0;0;0;0;0;0;0;0;0;0;0;0;0;0;0;0;0;0;0;0;0;0;0;0;0;0;0;0;0;0;0;0;0;0;0;0;0;0;0;0;0;0;0;0;0;0;0;0;0;0;0;0;0;0;0;0;0;0;0;0;0;0;0;0;0;0;0;0;0;0;0;0;0;0;0;0;0;0;0;0;0;0;0;0;0;0;0;0;0;0;0;0;0;0;0;0;0;0;0;0;;
210;Battito Terrestre;Terra;1;1;1;1;1;1;1;1;1;1;1;1;1;1;1;1;1;1;1;1;1;0;0;0;0;0;0;0;0;0;0;0;0;0;0;0;0;0;0;0;0;0;0;0;0;0;0;0;0;0;0;0;0;0;0;0;0;0;0;0;0;0;0;0;0;0;0;0;0;0;0;0;0;0;0;0;0;0;0;0;0;0;0;0;0;0;0;0;0;0;0;0;0;0;0;0;0;0;0;0;0;0;0;0;0;0;0;0;0;0;0;0;0;0;0;0;0;0;0;0;0;0;0;0;0;0;0;0;0;0;0;0;0;0;0;0;0;0;0;0;0;0;0;0;0;0;0;0;0;0;0;0;0;0;0;0;0;0;0;0;0;0;0;0;0;0;0;0;0;0;0;0;0;0;0;0;0;0;0;0;0;0;0;0;0;0;0;0;0;0;0;0;;
211;Zoccolata Fangosa;Terra;0;0;0;0;0;0;0;0;0;0;0;0;0;0;0;0;0;0;0;0;0;0;0;0;0;0;0;0;0;0;0;0;0;0;0;0;0;0;0;0;0;0;0;0;0;0;0;0;0;0;0;0;0;0;0;0;0;0;0;0;0;0;0;0;0;0;0;0;0;0;0;0;0;0;0;0;0;0;0;0;0;0;0;0;0;0;0;0;0;0;0;0;0;0;0;0;0;0;0;0;0;0;0;0;0;0;0;0;0;0;0;0;0;0;0;0;0;0;0;0;0;0;0;0;0;0;0;0;0;0;0;0;0;0;0;0;0;0;0;0;0;0;0;0;0;0;0;0;0;0;0;0;0;0;0;0;0;0;0;0;0;0;0;0;0;0;0;0;0;0;0;0;0;0;0;0;0;0;0;0;0;0;0;0;0;0;0;0;0;0;0;0;;
212;Scontro Colossale;Normale;0;0;0;0;0;0;0;0;0;0;0;0;0;0;0;0;0;0;0;0;0;0;0;0;0;0;0;0;0;0;0;0;0;0;0;0;0;0;0;0;1;1;1;1;1;1;1;1;1;1;1;1;1;1;1;1;1;1;1;1;1;1;1;1;1;1;1;1;1;1;1;1;1;1;1;1;1;1;1;1;1;1;1;1;1;1;1;1;1;1;1;1;1;1;1;1;0;0;0;0;0;0;0;0;0;0;0;0;0;0;0;0;0;0;0;0;0;0;0;0;1;1;1;1;1;1;1;1;1;1;1;1;1;1;1;1;2;2;2;2;2;2;2;2;2;2;2;2;2;2;2;2;3;3;3;3;3;3;3;3;3;3;3;3;3;3;3;3;4;4;4;4;4;4;4;4;4;4;4;4;4;4;4;4;5;5;5;5;5;5;5;5;;
213;Movimento Continentale;Normale;0;0;0;0;0;0;0;0;0;0;0;0;0;0;0;0;0;0;0;0;0;0;0;0;0;0;0;0;0;0;0;0;0;0;0;0;0;0;0;0;1;1;1;1;1;1;1;1;1;1;1;1;1;1;1;1;1;1;1;1;1;1;1;1;1;1;1;1;1;1;1;1;1;1;1;1;1;1;1;1;1;1;1;1;1;1;1;1;1;1;1;1;1;1;1;1;0;0;0;0;0;0;0;0;0;0;0;0;0;0;0;0;0;0;0;0;0;0;1;1;1;1;1;1;1;1;1;1;1;1;1;1;2;2;2;2;2;2;2;2;2;2;2;2;2;2;3;3;3;3;3;3;3;3;3;3;3;3;3;3;4;4;4;4;4;4;4;4;4;4;4;4;4;4;5;5;5;5;5;5;5;5;5;5;5;5;5;5;6;6;6;6;;
214;Passo Furtivo;Oscuritŕ;0;0;0;0;0;0;0;0;0;0;0;0;0;0;0;0;0;0;0;0;0;0;0;0;0;0;0;0;0;0;0;0;0;0;0;0;0;0;0;0;1;1;1;1;1;1;1;1;1;1;1;1;1;1;1;1;1;1;1;1;1;1;1;1;1;1;1;1;1;1;1;1;1;1;1;1;1;1;1;1;1;1;1;1;1;1;1;1;1;1;1;1;1;1;1;1;0;0;0;0;0;0;0;0;0;0;1;1;1;1;1;1;1;1;1;1;2;2;2;2;2;2;2;2;2;2;2;2;3;3;3;3;3;3;3;3;3;3;3;3;4;4;4;4;4;4;4;4;4;4;4;4;5;5;5;5;5;5;5;5;5;5;5;5;6;6;6;6;6;6;6;6;6;6;6;6;7;7;7;7;7;7;7;7;7;7;7;7;8;8;8;8;;
215;Cuců Settete;Normale;0;0;0;0;0;0;0;0;0;0;0;0;0;0;0;0;0;0;0;0;0;0;0;0;0;0;0;0;0;0;0;0;0;0;0;0;0;0;0;0;1;1;1;1;1;1;1;1;1;1;1;1;1;1;1;1;1;1;1;1;1;1;1;1;1;1;1;1;1;1;1;1;1;1;1;1;1;1;1;1;1;1;1;1;1;1;1;1;1;1;1;1;1;1;1;1;0;0;0;0;0;0;0;0;0;0;0;0;0;0;0;0;0;0;0;0;0;0;0;0;0;0;1;1;1;1;1;1;1;1;1;1;1;1;1;1;1;1;1;1;2;2;2;2;2;2;2;2;2;2;2;2;2;2;2;2;2;2;3;3;3;3;3;3;3;3;3;3;3;3;3;3;3;3;3;3;4;4;4;4;4;4;4;4;4;4;4;4;4;4;4;4;;
216;Rugiada Mattutina;Acqua;0;0;0;0;0;0;0;0;0;0;0;0;0;0;0;0;0;0;0;0;0;0;0;0;0;0;0;0;0;0;0;0;0;0;0;0;0;0;0;0;1;1;1;1;1;1;1;1;1;1;1;1;1;1;1;1;1;1;1;1;1;1;1;1;1;1;1;1;1;1;1;1;1;1;1;1;1;1;1;1;1;1;1;1;1;1;1;1;1;1;1;1;1;1;1;1;0;0;0;0;0;0;0;0;0;0;0;0;0;0;0;0;0;0;0;0;0;0;0;0;0;0;0;0;0;0;1;1;1;1;1;1;1;1;1;1;1;1;1;1;1;1;1;1;1;1;1;1;2;2;2;2;2;2;2;2;2;2;2;2;2;2;2;2;2;2;2;2;2;2;3;3;3;3;3;3;3;3;3;3;3;3;3;3;3;3;3;3;3;3;3;3;;
217;Boro Breath;Normale;0;0;0;0;0;0;0;0;0;0;0;0;0;0;0;0;0;0;0;0;0;0;0;0;0;0;0;0;0;0;0;0;0;0;0;0;0;0;0;0;1;1;1;1;1;1;1;1;1;1;1;1;1;1;1;1;1;1;1;1;1;1;1;1;1;1;1;1;1;1;1;1;1;1;1;1;1;1;1;1;1;1;1;1;1;1;1;1;1;1;1;1;1;1;1;1;0;0;0;0;0;0;0;0;0;0;0;0;0;0;1;1;1;1;1;1;2;2;2;2;2;2;3;3;3;3;3;3;4;4;4;4;4;4;5;5;5;5;5;5;6;6;6;6;6;6;7;7;7;7;7;7;8;8;8;8;8;8;9;9;9;9;9;9;10;10;10;10;10;10;11;11;11;11;11;11;12;12;12;12;12;12;13;13;13;13;13;13;14;14;14;14;;
218;Boro Breath;Normale;0;0;0;0;0;0;0;0;0;0;0;0;0;0;0;0;0;0;0;0;0;0;0;0;0;0;0;0;0;0;0;0;0;0;0;0;0;0;0;0;1;1;1;1;1;1;1;1;1;1;1;1;1;1;1;1;1;1;1;1;1;1;1;1;1;1;1;1;1;1;1;1;1;1;1;1;1;1;1;1;1;1;1;1;1;1;1;1;1;1;1;1;1;1;1;1;0;0;0;0;0;0;0;0;0;0;0;0;0;0;1;1;1;1;1;1;2;2;2;2;2;2;3;3;3;3;3;3;4;4;4;4;4;4;5;5;5;5;5;5;6;6;6;6;6;6;7;7;7;7;7;7;8;8;8;8;8;8;9;9;9;9;9;9;10;10;10;10;10;10;11;11;11;11;11;11;12;12;12;12;12;12;13;13;13;13;13;13;14;14;14;14;;
219;Visione Musiva;Normale;0;0;0;0;0;0;0;0;0;0;0;0;0;0;0;0;0;0;0;0;0;0;0;0;0;0;0;0;0;0;0;0;0;0;0;0;0;0;0;0;1;1;1;1;1;1;1;1;1;1;1;1;1;1;1;1;1;1;1;1;1;1;1;1;1;1;1;1;1;1;1;1;1;1;1;1;1;1;1;1;1;1;1;1;1;1;1;1;1;1;1;1;1;1;1;1;0;0;0;0;0;0;0;0;0;0;0;0;0;0;1;1;1;1;1;1;2;2;2;2;2;2;3;3;3;3;3;3;4;4;4;4;4;4;5;5;5;5;5;5;6;6;6;6;6;6;7;7;7;7;7;7;8;8;8;8;8;8;9;9;9;9;9;9;10;10;10;10;10;10;11;11;11;11;11;11;12;12;12;12;12;12;13;13;13;13;13;13;14;14;14;14;;
220;Ordine Imperiale;Normale;0;0;0;0;0;0;0;0;0;0;0;0;0;0;0;0;0;0;0;0;0;0;0;0;0;0;0;0;0;0;0;0;0;0;0;0;0;0;0;0;1;1;1;1;1;1;1;1;1;1;1;1;1;1;1;1;1;1;1;1;1;1;1;1;1;1;1;1;1;1;1;1;1;1;1;1;1;1;1;1;1;1;1;1;1;1;1;1;1;1;1;1;1;1;1;1;0;0;0;0;0;0;0;0;0;0;0;0;0;0;1;1;1;1;1;1;2;2;2;2;2;2;3;3;3;3;3;3;4;4;4;4;4;4;5;5;5;5;5;5;6;6;6;6;6;6;7;7;7;7;7;7;8;8;8;8;8;8;9;9;9;9;9;9;10;10;10;10;10;10;11;11;11;11;11;11;12;12;12;12;12;12;13;13;13;13;13;13;14;14;14;14;;
;;;;;;;;;;;;;;;;;;;;;;;;;;;;;;;;;;;;;;;;;;;;;;;;;;;;;;;;;;;;;;;;;;;;;;;;;;;;;;;;;;;;;;;;;;;;;;;;;;;;;;;;;;;;;;;;;;;;;;;;;;;;;;;;;;;;;;;;;;;;;;;;;;;;;;;;;;;;;;;;;;;;;;;;;;;;;;;;;;;;;;;;;;;;;;;;;;;CURA;20
;;;;;;;;;;;;;;;;;;;;;;;;;;;;;;;;;;;;;;;;;;;;;;;;;;;;;;;;;;;;;;;;;;;;;;;;;;;;;;;;;;;;;;;;;;;;;;;;;;;;;;;;;;;;;;;;;;;;;;;;;;;;;;;;;;;;;;;;;;;;;;;;;;;;;;;;;;;;;;;;;;;;;;;;;;;;;;;;;;;;;;;;;;;;;;;;;;;CONFUSO;2
;;;;;;;;;;;;;;;;;;;;;;;;;;;;;;;;;;;;;;;;;;;;;;;;;;;;;;;;;;;;;;;;;;;;;;;;;;;;;;;;;;;;;;;;;;;;;;;;;;;;;;;;;;;;;;;;;;;;;;;;;;;;;;;;;;;;;;;;;;;;;;;;;;;;;;;;;;;;;;;;;;;;;;;;;;;;;;;;;;;;;;;;;;;;;;;;;;;ADDORMENTATO;3
;;;;;;;;;;;;;;;;;;;;;;;;;;;;;;;;;;;;;;;;;;;;;;;;;;;;;;;;;;;;;;;;;;;;;;;;;;;;;;;;;;;;;;;;;;;;;;;;;;;;;;;;;;;;;;;;;;;;;;;;;;;;;;;;;;;;;;;;;;;;;;;;;;;;;;;;;;;;;;;;;;;;;;;;;;;;;;;;;;;;;;;;;;;;;;;;;;;AVVELENATO;99
